excel_file,sheet_name,Номер выдела,Состав,Элемент леса,Высота,Диаметр,Разряд
23-26_with_tiers.xlsx,кв23,1,5С2Б2К1Е,С,12.0,12.0,7.0
23-26_with_tiers.xlsx,кв23,1,5С2Б2К1Е,Б,10.0,10.0,8.0
23-26_with_tiers.xlsx,кв23,1,5С2Б2К1Е,К,14.0,16.0,6.0
23-26_with_tiers.xlsx,кв23,1,5С2Б2К1Е,Е,14.0,14.0,3.0
23-26_with_tiers.xlsx,кв23,2,5Л4Е1Б,Л,19.0,18.0,5.0
23-26_with_tiers.xlsx,кв23,2,5Л4Е1Б,Е,16.0,16.0,3.0
23-26_with_tiers.xlsx,кв23,2,5Л4Е1Б,Б,14.0,14.0,6.0
23-26_with_tiers.xlsx,кв23,3,6Л2К1Е1Б+С,Л,19.0,18.0,5.0
23-26_with_tiers.xlsx,кв23,3,6Л2К1Е1Б+С,К,16.0,16.0,5.0
23-26_with_tiers.xlsx,кв23,3,6Л2К1Е1Б+С,Е,15.0,14.0,2.0
23-26_with_tiers.xlsx,кв23,3,6Л2К1Е1Б+С,Б,14.0,14.0,6.0
23-26_with_tiers.xlsx,кв23,4,3С3Л2Е1Б1С,С,14.0,14.0,7.0
23-26_with_tiers.xlsx,кв23,4,3С3Л2Е1Б1С,Л,16.0,14.0,6.0
23-26_with_tiers.xlsx,кв23,4,3С3Л2Е1Б1С,Е,15.0,14.0,2.0
23-26_with_tiers.xlsx,кв23,4,3С3Л2Е1Б1С,Б,11.0,10.0,6.0
23-26_with_tiers.xlsx,кв23,4,3С3Л2Е1Б1С,С,12.0,12.0,7.0
23-26_with_tiers.xlsx,кв23,5,7Е3Л,Е,17.0,16.0,2.0
23-26_with_tiers.xlsx,кв23,6,7С2С1К,С,12.0,12.0,7.0
23-26_with_tiers.xlsx,кв23,6,7С2С1К,С,15.0,14.0,6.0
23-26_with_tiers.xlsx,кв23,6,7С2С1К,К,14.0,14.0,5.0
23-26_with_tiers.xlsx,кв23,7,5К3С2Л,К,14.0,14.0,5.0
23-26_with_tiers.xlsx,кв23,7,5К3С2Л,С,13.0,14.0,7.0
23-26_with_tiers.xlsx,кв23,7,5К3С2Л,Л,15.0,14.0,6.0
23-26_with_tiers.xlsx,кв23,8,6К4С,К,14.0,14.0,5.0
23-26_with_tiers.xlsx,кв23,8,6К4С,С,13.0,12.0,6.0
23-26_with_tiers.xlsx,кв23,9,5Л2С1Е2Б,Л,16.0,14.0,6.0
23-26_with_tiers.xlsx,кв23,9,5Л2С1Е2Б,С,14.0,14.0,7.0
23-26_with_tiers.xlsx,кв23,9,5Л2С1Е2Б,Е,14.0,12.0,1.0
23-26_with_tiers.xlsx,кв23,9,5Л2С1Е2Б,Б,13.0,12.0,6.0
23-26_with_tiers.xlsx,кв23,10,6Л2Е2Б,Л,17.0,16.0,6.0
23-26_with_tiers.xlsx,кв23,10,6Л2Е2Б,Е,14.0,14.0,3.0
23-26_with_tiers.xlsx,кв23,10,6Л2Е2Б,Б,13.0,12.0,6.0
23-26_with_tiers.xlsx,кв23,11,6Л2К1С1Б,Л,19.0,18.0,5.0
23-26_with_tiers.xlsx,кв23,11,6Л2К1С1Б,К,16.0,16.0,5.0
23-26_with_tiers.xlsx,кв23,11,6Л2К1С1Б,С,14.0,14.0,7.0
23-26_with_tiers.xlsx,кв23,11,6Л2К1С1Б,Б,14.0,14.0,6.0
23-26_with_tiers.xlsx,кв23,12,6С2К1Л1Б,С,13.0,12.0,6.0
23-26_with_tiers.xlsx,кв23,12,6С2К1Л1Б,К,14.0,14.0,5.0
23-26_with_tiers.xlsx,кв23,12,6С2К1Л1Б,Л,15.0,14.0,6.0
23-26_with_tiers.xlsx,кв23,12,6С2К1Л1Б,Б,12.0,12.0,7.0
23-26_with_tiers.xlsx,кв23,13,7Л1С1Е1Б,Л,16.0,14.0,6.0
23-26_with_tiers.xlsx,кв23,13,7Л1С1Е1Б,С,14.0,14.0,7.0
23-26_with_tiers.xlsx,кв23,13,7Л1С1Е1Б,Е,13.0,12.0,2.0
23-26_with_tiers.xlsx,кв23,13,7Л1С1Е1Б,Б,12.0,12.0,7.0
23-26_with_tiers.xlsx,кв23,14,5С3К1Е1Б,С,12.0,12.0,7.0
23-26_with_tiers.xlsx,кв23,14,5С3К1Е1Б,К,14.0,14.0,5.0
23-26_with_tiers.xlsx,кв23,14,5С3К1Е1Б,Е,12.0,12.0,3.0
23-26_with_tiers.xlsx,кв23,14,5С3К1Е1Б,Б,12.0,12.0,7.0
23-26_with_tiers.xlsx,кв23,15,4Л2К2С2Б,Л,15.0,14.0,6.0
23-26_with_tiers.xlsx,кв23,15,4Л2К2С2Б,К,14.0,14.0,5.0
23-26_with_tiers.xlsx,кв23,15,4Л2К2С2Б,С,12.0,12.0,7.0
23-26_with_tiers.xlsx,кв23,15,4Л2К2С2Б,Б,12.0,12.0,7.0
23-26_with_tiers.xlsx,кв23,16,8С2Л,С,13.0,12.0,6.0
23-26_with_tiers.xlsx,кв23,16,8С2Л,Л,15.0,14.0,6.0
23-26_with_tiers.xlsx,кв23,17,3Л2К4ОС1Б,Л,24.0,24.0,4.0
23-26_with_tiers.xlsx,кв23,17,3Л2К4ОС1Б,К,20.0,20.0,4.0
23-26_with_tiers.xlsx,кв23,17,3Л2К4ОС1Б,ОС,20.0,20.0,
23-26_with_tiers.xlsx,кв23,17,3Л2К4ОС1Б,Б,16.0,16.0,5.0
23-26_with_tiers.xlsx,кв23,18,6Л1С1К1Е1Б,Л,22.0,22.0,4.0
23-26_with_tiers.xlsx,кв23,18,6Л1С1К1Е1Б,С,18.0,18.0,5.0
23-26_with_tiers.xlsx,кв23,18,6Л1С1К1Е1Б,К,19.0,20.0,4.0
23-26_with_tiers.xlsx,кв23,18,6Л1С1К1Е1Б,Е,15.0,14.0,2.0
23-26_with_tiers.xlsx,кв23,18,6Л1С1К1Е1Б,Б,15.0,14.0,5.0
23-26_with_tiers.xlsx,кв23,20,2Л2К1Е4ОС1Б,Л,17.0,16.0,6.0
23-26_with_tiers.xlsx,кв23,20,2Л2К1Е4ОС1Б,К,16.0,16.0,5.0
23-26_with_tiers.xlsx,кв23,20,2Л2К1Е4ОС1Б,Е,14.0,14.0,3.0
23-26_with_tiers.xlsx,кв23,20,2Л2К1Е4ОС1Б,ОС,16.0,16.0,
23-26_with_tiers.xlsx,кв23,20,2Л2К1Е4ОС1Б,Б,13.0,12.0,6.0
23-26_with_tiers.xlsx,кв23,21,4С2Л2К2С,С,14.0,14.0,7.0
23-26_with_tiers.xlsx,кв23,21,4С2Л2К2С,Л,16.0,14.0,6.0
23-26_with_tiers.xlsx,кв23,21,4С2Л2К2С,К,14.0,14.0,5.0
23-26_with_tiers.xlsx,кв23,21,4С2Л2К2С,С,9.0,10.0,9.0
23-26_with_tiers.xlsx,кв24,1,7Л2С1Б,Л,19.0,18.0,5.0
23-26_with_tiers.xlsx,кв24,1,7Л2С1Б,С,18.0,18.0,5.0
23-26_with_tiers.xlsx,кв24,1,7Л2С1Б,Б,14.0,14.0,6.0
23-26_with_tiers.xlsx,кв24,2,5С5Л+Б,С,15.0,16.0,7.0
23-26_with_tiers.xlsx,кв24,2,5С5Л+Б,Л,16.0,16.0,6.0
23-26_with_tiers.xlsx,кв24,3,5Л5С,Л,18.0,18.0,6.0
23-26_with_tiers.xlsx,кв24,4,5Л3Е1К1Б,Л,17.0,16.0,6.0
23-26_with_tiers.xlsx,кв24,4,5Л3Е1К1Б,Е,15.0,14.0,2.0
23-26_with_tiers.xlsx,кв24,4,5Л3Е1К1Б,К,16.0,16.0,5.0
23-26_with_tiers.xlsx,кв24,4,5Л3Е1К1Б,Б,14.0,14.0,6.0
23-26_with_tiers.xlsx,кв24,5,9Л1Е,Л,16.0,14.0,6.0
23-26_with_tiers.xlsx,кв24,5,9Л1Е,Е,12.0,12.0,3.0
23-26_with_tiers.xlsx,кв24,7,8Л2Е+Б,Л,19.0,18.0,5.0
23-26_with_tiers.xlsx,кв24,7,8Л2Е+Б,Е,17.0,16.0,2.0
23-26_with_tiers.xlsx,кв24,8,10ЕРН,ЕРН,2.0,,
23-26_with_tiers.xlsx,кв24,9,10С,С,13.0,14.0,7.0
23-26_with_tiers.xlsx,кв24,11,7Л1Е1К1Б,Л,19.0,18.0,5.0
23-26_with_tiers.xlsx,кв24,11,7Л1Е1К1Б,Е,16.0,16.0,3.0
23-26_with_tiers.xlsx,кв24,11,7Л1Е1К1Б,К,18.0,18.0,4.0
23-26_with_tiers.xlsx,кв24,11,7Л1Е1К1Б,Б,15.0,14.0,5.0
23-26_with_tiers.xlsx,кв24,12,5С5Л,С,15.0,16.0,7.0
23-26_with_tiers.xlsx,кв24,12,5С5Л,Л,16.0,14.0,6.0
23-26_with_tiers.xlsx,кв24,13,6С2Л2Б,С,10.0,10.0,8.0
23-26_with_tiers.xlsx,кв24,14,5С2К2Л1Б,С,13.0,12.0,6.0
23-26_with_tiers.xlsx,кв24,14,5С2К2Л1Б,К,14.0,14.0,5.0
23-26_with_tiers.xlsx,кв24,14,5С2К2Л1Б,Л,16.0,14.0,6.0
23-26_with_tiers.xlsx,кв24,14,5С2К2Л1Б,Б,13.0,12.0,6.0
23-26_with_tiers.xlsx,кв24,15,5К2Л2С1Б,К,14.0,14.0,5.0
23-26_with_tiers.xlsx,кв24,16,5Л2К1С2Б,Л,24.0,24.0,4.0
23-26_with_tiers.xlsx,кв24,16,5Л2К1С2Б,К,20.0,20.0,4.0
23-26_with_tiers.xlsx,кв24,16,5Л2К1С2Б,С,20.0,20.0,5.0
23-26_with_tiers.xlsx,кв24,16,5Л2К1С2Б,Б,18.0,18.0,4.0
23-26_with_tiers.xlsx,кв24,17,3С3Л4Б,С,5.0,6.0,9.0
23-26_with_tiers.xlsx,кв24,18,4С4Л2С+Б,С,15.0,14.0,6.0
23-26_with_tiers.xlsx,кв24,18,4С4Л2С+Б,Л,16.0,14.0,6.0
23-26_with_tiers.xlsx,кв24,18,4С4Л2С+Б,С,10.0,10.0,8.0
23-26_with_tiers.xlsx,кв24,19,10С+К,С,10.0,12.0,9.0
23-26_with_tiers.xlsx,кв24,20,4Л3К1С1Б1ОС,Л,16.0,14.0,6.0
23-26_with_tiers.xlsx,кв24,20,4Л3К1С1Б1ОС,К,15.0,16.0,5.0
23-26_with_tiers.xlsx,кв24,20,4Л3К1С1Б1ОС,С,15.0,16.0,7.0
23-26_with_tiers.xlsx,кв24,20,4Л3К1С1Б1ОС,Б,14.0,14.0,6.0
23-26_with_tiers.xlsx,кв24,20,4Л3К1С1Б1ОС,ОС,16.0,16.0,
23-26_with_tiers.xlsx,кв24,21,4С3Л2ОС1Б,С,14.0,14.0,7.0
23-26_with_tiers.xlsx,кв24,21,4С3Л2ОС1Б,Л,14.0,14.0,7.0
23-26_with_tiers.xlsx,кв24,21,4С3Л2ОС1Б,ОС,15.0,16.0,
23-26_with_tiers.xlsx,кв24,21,4С3Л2ОС1Б,Б,14.0,14.0,6.0
23-26_with_tiers.xlsx,кв24,24,5С3Л2С,С,14.0,14.0,7.0
23-26_with_tiers.xlsx,кв24,24,5С3Л2С,Л,15.0,14.0,6.0
23-26_with_tiers.xlsx,кв24,24,5С3Л2С,С,9.0,10.0,9.0
23-26_with_tiers.xlsx,кв25,1,10Л,Л,19.0,18.0,5.0
23-26_with_tiers.xlsx,кв25,2,6Л2С1Е1Б,Л,18.0,18.0,6.0
23-26_with_tiers.xlsx,кв25,2,6Л2С1Е1Б,С,17.0,16.0,5.0
23-26_with_tiers.xlsx,кв25,2,6Л2С1Е1Б,Е,15.0,14.0,2.0
23-26_with_tiers.xlsx,кв25,2,6Л2С1Е1Б,Б,14.0,14.0,6.0
23-26_with_tiers.xlsx,кв25,3,9Л1С,Л,16.0,14.0,6.0
23-26_with_tiers.xlsx,кв25,3,9Л1С,С,15.0,14.0,6.0
23-26_with_tiers.xlsx,кв25,4,6Л3С1Б,Л,16.0,19.0,7.0
23-26_with_tiers.xlsx,кв25,4,6Л3С1Б,С,15.0,14.0,6.0
23-26_with_tiers.xlsx,кв25,4,6Л3С1Б,Б,12.0,12.0,7.0
23-26_with_tiers.xlsx,кв25,5,5С5Л,С,14.0,14.0,7.0
23-26_with_tiers.xlsx,кв25,5,5С5Л,Л,15.0,14.0,6.0
23-26_with_tiers.xlsx,кв25,6,10ЕРН,ЕРН,2.0,,
23-26_with_tiers.xlsx,кв25,7,9Л1Е,Л,16.0,16.0,6.0
23-26_with_tiers.xlsx,кв25,7,9Л1Е,Е,15.0,14.0,2.0
23-26_with_tiers.xlsx,кв25,8,7С3Л,С,12.0,12.0,7.0
23-26_with_tiers.xlsx,кв25,9,9С1Б,С,9.0,8.0,8.0
23-26_with_tiers.xlsx,кв25,10,10С,С,10.0,10.0,8.0
23-26_with_tiers.xlsx,кв25,11,10Б,Б,9.0,8.0,7.0
23-26_with_tiers.xlsx,кв25,12,7С2Л1Б,С,11.0,10.0,7.0
23-26_with_tiers.xlsx,кв25,13,4С4Л2С,С,15.0,14.0,6.0
23-26_with_tiers.xlsx,кв25,13,4С4Л2С,Л,16.0,14.0,6.0
23-26_with_tiers.xlsx,кв25,13,4С4Л2С,С,10.0,10.0,8.0
23-26_with_tiers.xlsx,кв25,14,7С3Л,С,14.0,14.0,7.0
23-26_with_tiers.xlsx,кв25,14,7С3Л,Л,16.0,14.0,6.0
23-26_with_tiers.xlsx,кв25,15,5Л3К1Е1Б,Л,18.0,18.0,6.0
23-26_with_tiers.xlsx,кв25,15,5Л3К1Е1Б,К,17.0,16.0,4.0
23-26_with_tiers.xlsx,кв25,15,5Л3К1Е1Б,Е,15.0,14.0,2.0
23-26_with_tiers.xlsx,кв25,15,5Л3К1Е1Б,Б,14.0,14.0,6.0
23-26_with_tiers.xlsx,кв25,16,9Л1Е,Л,15.0,14.0,6.0
23-26_with_tiers.xlsx,кв25,16,9Л1Е,Е,13.0,12.0,2.0
23-26_with_tiers.xlsx,кв25,17,7Л2Е1Б,Л,18.0,16.0,5.0
23-26_with_tiers.xlsx,кв25,17,7Л2Е1Б,Е,15.0,14.0,2.0
23-26_with_tiers.xlsx,кв25,17,7Л2Е1Б,Б,14.0,14.0,6.0
23-26_with_tiers.xlsx,кв25,18,6Л4Б,Л,10.0,12.0,10.0
23-26_with_tiers.xlsx,кв25,19,3Л3С2Е2Б,Л,16.0,14.0,6.0
23-26_with_tiers.xlsx,кв25,19,3Л3С2Е2Б,С,15.0,14.0,6.0
23-26_with_tiers.xlsx,кв25,19,3Л3С2Е2Б,Е,13.0,12.0,2.0
23-26_with_tiers.xlsx,кв25,19,3Л3С2Е2Б,Б,12.0,12.0,7.0
23-26_with_tiers.xlsx,кв25,20,6Л4С,Л,17.0,16.0,6.0
23-26_with_tiers.xlsx,кв25,20,6Л4С,С,16.0,16.0,6.0
23-26_with_tiers.xlsx,кв25,21,7Л2С1Б,Л,16.0,14.0,6.0
23-26_with_tiers.xlsx,кв25,21,7Л2С1Б,С,15.0,14.0,6.0
23-26_with_tiers.xlsx,кв25,21,7Л2С1Б,Б,12.0,12.0,7.0
23-26_with_tiers.xlsx,кв25,22,6С2Л1К1Б,С,14.0,14.0,7.0
23-26_with_tiers.xlsx,кв25,22,6С2Л1К1Б,Л,15.0,14.0,6.0
23-26_with_tiers.xlsx,кв25,22,6С2Л1К1Б,К,14.0,14.0,5.0
23-26_with_tiers.xlsx,кв25,22,6С2Л1К1Б,Б,12.0,12.0,7.0
23-26_with_tiers.xlsx,кв25,23,8Л2С,Л,17.0,16.0,6.0
23-26_with_tiers.xlsx,кв25,23,8Л2С,С,15.0,16.0,7.0
23-26_with_tiers.xlsx,кв25,24,10Л,Л,12.0,10.0,7.0
23-26_with_tiers.xlsx,кв25,25,8Л1С1Б,Л,14.0,14.0,7.0
23-26_with_tiers.xlsx,кв25,25,8Л1С1Б,С,13.0,14.0,7.0
23-26_with_tiers.xlsx,кв25,25,8Л1С1Б,Б,12.0,12.0,7.0
23-26_with_tiers.xlsx,кв26,1,6Л1С1Е2Б,Л,19.0,18.0,5.0
23-26_with_tiers.xlsx,кв26,1,6Л1С1Е2Б,С,15.0,14.0,6.0
23-26_with_tiers.xlsx,кв26,1,6Л1С1Е2Б,Е,13.0,12.0,2.0
23-26_with_tiers.xlsx,кв26,1,6Л1С1Е2Б,Б,12.0,12.0,7.0
23-26_with_tiers.xlsx,кв26,2,4С4Л2С,С,15.0,16.0,7.0
23-26_with_tiers.xlsx,кв26,2,4С4Л2С,Л,16.0,14.0,6.0
23-26_with_tiers.xlsx,кв26,2,4С4Л2С,С,10.0,10.0,8.0
23-26_with_tiers.xlsx,кв26,4,6Л2Е2Б,Л,15.0,14.0,6.0
23-26_with_tiers.xlsx,кв26,4,6Л2Е2Б,Е,12.0,12.0,3.0
23-26_with_tiers.xlsx,кв26,4,6Л2Е2Б,Б,12.0,12.0,7.0
23-26_with_tiers.xlsx,кв26,5,5С4Л1Б,С,15.0,14.0,6.0
23-26_with_tiers.xlsx,кв26,5,5С4Л1Б,Л,16.0,14.0,6.0
23-26_with_tiers.xlsx,кв26,5,5С4Л1Б,Б,12.0,12.0,7.0
23-26_with_tiers.xlsx,кв26,6,7Л1Е2Б,Л,18.0,16.0,5.0
23-26_with_tiers.xlsx,кв26,6,7Л1Е2Б,Е,15.0,14.0,2.0
23-26_with_tiers.xlsx,кв26,6,7Л1Е2Б,Б,14.0,14.0,6.0
23-26_with_tiers.xlsx,кв26,7,6Л4Б,Л,13.0,12.0,7.0
23-26_with_tiers.xlsx,кв26,8,7Л2Е1Б,Л,18.0,16.0,5.0
23-26_with_tiers.xlsx,кв26,8,7Л2Е1Б,Е,14.0,14.0,3.0
23-26_with_tiers.xlsx,кв26,8,7Л2Е1Б,Б,14.0,12.0,5.0
23-26_with_tiers.xlsx,кв26,9,4Л3С1Е2Б,Л,13.0,12.0,7.0
23-26_with_tiers.xlsx,кв26,9,4Л3С1Е2Б,С,13.0,14.0,7.0
23-26_with_tiers.xlsx,кв26,9,4Л3С1Е2Б,Е,10.0,10.0,4.0
23-26_with_tiers.xlsx,кв26,9,4Л3С1Е2Б,Б,10.0,10.0,8.0
23-26_with_tiers.xlsx,кв26,10,4С4Л2С,С,15.0,14.0,6.0
23-26_with_tiers.xlsx,кв26,10,4С4Л2С,Л,16.0,14.0,6.0
23-26_with_tiers.xlsx,кв26,10,4С4Л2С,С,10.0,10.0,8.0
23-26_with_tiers.xlsx,кв26,11,6Л4С,Л,16.0,14.0,6.0
23-26_with_tiers.xlsx,кв26,11,6Л4С,С,14.0,14.0,7.0
23-26_with_tiers.xlsx,кв26,12,6Л1С2Б1ОС,Л,15.0,14.0,6.0
23-26_with_tiers.xlsx,кв26,12,6Л1С2Б1ОС,С,14.0,14.0,7.0
23-26_with_tiers.xlsx,кв26,12,6Л1С2Б1ОС,Б,13.0,12.0,6.0
23-26_with_tiers.xlsx,кв26,12,6Л1С2Б1ОС,ОС,13.0,12.0,
23-26_with_tiers.xlsx,кв26,13,5Л2С1Е2Б,Л,15.0,14.0,6.0
23-26_with_tiers.xlsx,кв26,13,5Л2С1Е2Б,С,15.0,16.0,7.0
23-26_with_tiers.xlsx,кв26,13,5Л2С1Е2Б,Е,12.0,12.0,3.0
23-26_with_tiers.xlsx,кв26,13,5Л2С1Е2Б,Б,12.0,12.0,7.0
23-26_with_tiers.xlsx,кв26,14,5С4Л1С,С,14.0,12.0,6.0
23-26_with_tiers.xlsx,кв26,14,5С4Л1С,Л,14.0,12.0,6.0
23-26_with_tiers.xlsx,кв26,14,5С4Л1С,С,17.0,18.0,6.0
23-26_with_tiers.xlsx,кв26,15,4Л3Л2Е1С,Л,16.0,14.0,6.0
23-26_with_tiers.xlsx,кв26,15,4Л3Л2Е1С,Л,12.0,12.0,8.0
23-26_with_tiers.xlsx,кв26,15,4Л3Л2Е1С,Е,10.0,10.0,4.0
23-26_with_tiers.xlsx,кв26,15,4Л3Л2Е1С,С,12.0,12.0,7.0
23-26_with_tiers.xlsx,кв26,16,4Л3Е1С2Б,Л,11.0,10.0,8.0
23-26_with_tiers.xlsx,кв26,17,6С4Л,С,15.0,18.0,7.0
23-26_with_tiers.xlsx,кв26,17,6С4Л,Л,16.0,14.0,6.0
23-26_with_tiers.xlsx,кв26,17,5С5Л+Б,С,10.0,10.0,8.0
23-26_with_tiers.xlsx,кв26,17,5С5Л+Б,Л,10.0,10.0,9.0
23-26_with_tiers.xlsx,кв26,18,10ЕРН,ЕРН,2.0,,
23-26_with_tiers.xlsx,кв26,19,10ЕРН,ЕРН,2.0,,
394_with_tiers.xlsx,Sheet1,1,7Б3Л,Б,2.0,2.0,9.0
394_with_tiers.xlsx,Sheet1,2,6Л2С2Б,Л,18.0,20.0,6.0
394_with_tiers.xlsx,Sheet1,2,6Л7О2Б,С,18.0,24.0,6.0
394_with_tiers.xlsx,Sheet1,2,6Л7О2Б,Б,17.0,18.0,5.0
394_with_tiers.xlsx,Sheet1,3,6Л3Е1Б,Л,13.0,14.0,8.0
394_with_tiers.xlsx,Sheet1,3,4К1Е1Б,Е,12.0,12.0,3.0
394_with_tiers.xlsx,Sheet1,3,4К1Е1Б,Б,10.0,10.0,8.0
394_with_tiers.xlsx,Sheet1,4,6С4Л,С,15.0,18.0,7.0
394_with_tiers.xlsx,Sheet1,4,6С4Л,Л,16.0,18.0,7.0
394_with_tiers.xlsx,Sheet1,5,4К4Л1Е1Б,К,19.0,20.0,4.0
394_with_tiers.xlsx,Sheet1,5,4К4Л1Е1Б,Л,20.0,22.0,5.0
394_with_tiers.xlsx,Sheet1,5,4К4Л1Е1Б,Е,17.0,18.0,3.0
394_with_tiers.xlsx,Sheet1,5,4К4Л1Е1Б,Б,17.0,18.0,5.0
394_with_tiers.xlsx,Sheet1,6,7С3Л,С,15.0,18.0,7.0
394_with_tiers.xlsx,Sheet1,6,7С3Л,Л,16.0,20.0,7.0
394_with_tiers.xlsx,Sheet1,7,4Л1Е5Б,Л,12.0,12.0,8.0
394_with_tiers.xlsx,Sheet1,8,6Л2К1С1Е+Б,Л,20.0,24.0,6.0
394_with_tiers.xlsx,Sheet1,8,6К2Л1О1Е5Б,К,19.0,20.0,4.0
394_with_tiers.xlsx,Sheet1,8,6К2Л1О1Е5Б,С,18.0,22.0,6.0
394_with_tiers.xlsx,Sheet1,8,6К2Л1О1Е5Б,Е,16.0,18.0,4.0
394_with_tiers.xlsx,Sheet1,10,6С4Л,С,19.0,22.0,5.0
394_with_tiers.xlsx,Sheet1,10,6С4Л,Л,20.0,20.0,5.0
394_with_tiers.xlsx,Sheet1,11,6Л3Е1Б,Л,14.0,16.0,8.0
394_with_tiers.xlsx,Sheet1,12,8Л2Е+Б,Л,16.0,18.0,7.0
394_with_tiers.xlsx,Sheet1,12,8Л2Е5Б,Е,14.0,14.0,3.0
394_with_tiers.xlsx,Sheet1,13,9Л1Е,Л,16.0,18.0,7.0
394_with_tiers.xlsx,Sheet1,13,9Л1Е,Е,13.0,14.0,4.0
394_with_tiers.xlsx,Sheet1,14,6Л1С1Е2Б,Л,15.0,16.0,7.0
394_with_tiers.xlsx,Sheet1,14,6Л1С1Е2Б,С,16.0,18.0,6.0
394_with_tiers.xlsx,Sheet1,14,6Л1С1Е2Б,Е,14.0,14.0,3.0
394_with_tiers.xlsx,Sheet1,14,6Л1С1Е2Б,Б,12.0,12.0,7.0
394_with_tiers.xlsx,Sheet1,15,6С3Л1Б+Е,С,19.0,22.0,5.0
394_with_tiers.xlsx,Sheet1,15,6С3Л1Б+Е,Л,19.0,20.0,6.0
394_with_tiers.xlsx,Sheet1,15,6С3Л1Б+Е,Б,17.0,18.0,5.0
394_with_tiers.xlsx,Sheet1,16,6Л2Е2Б+С,Л,20.0,22.0,5.0
394_with_tiers.xlsx,Sheet1,16,6Л2Е2Б+С,Е,17.0,18.0,3.0
394_with_tiers.xlsx,Sheet1,16,6Л2Е2Б+С,Б,17.0,18.0,5.0
394_with_tiers.xlsx,Sheet1,17,8Л1Е1Б,Л,18.0,22.0,7.0
394_with_tiers.xlsx,Sheet1,17,8Л1Е1Б,Е,16.0,16.0,3.0
394_with_tiers.xlsx,Sheet1,17,8Л1Е1Б,Б,17.0,18.0,5.0
394_with_tiers.xlsx,Sheet1,19,7Б3Л,Б,2.0,2.0,9.0
394_with_tiers.xlsx,Sheet1,20,7Л3Б+Е+С,Л,12.0,12.0,8.0
394_with_tiers.xlsx,Sheet1,21,7Л2К1Е+Б,Л,20.0,26.0,6.0
394_with_tiers.xlsx,Sheet1,21,7Л2К1Е+Б,К,19.0,22.0,5.0
394_with_tiers.xlsx,Sheet1,21,7Л2К1Е+Б,Е,17.0,18.0,3.0
394_with_tiers.xlsx,Sheet1,22,6Л2К1Е1Б,Л,21.0,24.0,5.0
394_with_tiers.xlsx,Sheet1,22,6Л2К1Е1Б,К,19.0,22.0,5.0
394_with_tiers.xlsx,Sheet1,22,6Л2К1Е1Б,Е,17.0,18.0,3.0
394_with_tiers.xlsx,Sheet1,22,6Л2К1Е1Б,Б,16.0,16.0,5.0
394_with_tiers.xlsx,Sheet1,23,6Л2Е2Б,Л,17.0,20.0,7.0
394_with_tiers.xlsx,Sheet1,23,6Л2Е2Б,Е,14.0,14.0,3.0
394_with_tiers.xlsx,Sheet1,23,6Л2Е2Б,Б,15.0,16.0,6.0
394_with_tiers.xlsx,Sheet1,24,8Л2Е+Б,Л,17.0,20.0,7.0
394_with_tiers.xlsx,Sheet1,24,8Л2Е+Б,Е,14.0,14.0,3.0
394_with_tiers.xlsx,Sheet1,25,7Л3С,Л,18.0,20.0,6.0
394_with_tiers.xlsx,Sheet1,25,7Л3С,С,17.0,22.0,7.0
394_with_tiers.xlsx,Sheet1,26,6Л4Б,Л,12.0,12.0,8.0
394_with_tiers.xlsx,Sheet1,27,7Л2Е1Б,Л,17.0,20.0,7.0
394_with_tiers.xlsx,Sheet1,27,7Л2Е1Б,Е,14.0,14.0,3.0
394_with_tiers.xlsx,Sheet1,27,7Л2Е1Б,Б,12.0,12.0,7.0
435-439_with_tiers.xlsx,кв435,1,5Л3С2К+Б,Л,19.0,22.0,6.0
435-439_with_tiers.xlsx,кв435,1,5Л3С2К+Б,С,19.0,26.0,6.0
435-439_with_tiers.xlsx,кв435,1,5Л3С2К+Б,К,18.0,24.0,6.0
435-439_with_tiers.xlsx,кв435,2,7С3Л+Е+Б,С,19.0,22.0,5.0
435-439_with_tiers.xlsx,кв435,2,7С3Л+Е+Б,Л,19.0,20.0,6.0
435-439_with_tiers.xlsx,кв435,3,8С2Л+Б+Е,С,19.0,22.0,5.0
435-439_with_tiers.xlsx,кв435,3,8С2Л+Б+Е,Л,19.0,20.0,6.0
435-439_with_tiers.xlsx,кв435,4,6С1Л3Б,С,13.0,16.0,8.0
435-439_with_tiers.xlsx,кв435,4,6С1Л3Б,Л,13.0,16.0,8.0
435-439_with_tiers.xlsx,кв435,4,6С1Л3Б,Б,10.0,10.0,8.0
435-439_with_tiers.xlsx,кв435,5,6Л3С1Б,Л,15.0,16.0,7.0
435-439_with_tiers.xlsx,кв435,5,6Л3С1Б,С,14.0,18.0,8.0
435-439_with_tiers.xlsx,кв435,5,6Л3С1Б,Б,12.0,12.0,7.0
435-439_with_tiers.xlsx,кв435,6,4Л3С2Б1Е,Л,17.0,20.0,7.0
435-439_with_tiers.xlsx,кв435,6,4Л3С2Б1Е,С,18.0,22.0,6.0
435-439_with_tiers.xlsx,кв435,6,4Л3С2Б1Е,Б,16.0,16.0,5.0
435-439_with_tiers.xlsx,кв435,6,4Л3С2Б1Е,Е,14.0,14.0,3.0
435-439_with_tiers.xlsx,кв435,7,8Л2Е+Б,Л,14.0,16.0,8.0
435-439_with_tiers.xlsx,кв435,7,8Л2Е+Б,Е,12.0,12.0,3.0
435-439_with_tiers.xlsx,кв435,8,7С2Л1Б+Е,С,14.0,16.0,7.0
435-439_with_tiers.xlsx,кв435,9,8Б2Л,Б,2.0,2.0,9.0
435-439_with_tiers.xlsx,кв435,10,7С3Л+Е+Б,С,19.0,22.0,5.0
435-439_with_tiers.xlsx,кв435,10,7С3Л+Е+Б,Л,20.0,22.0,5.0
435-439_with_tiers.xlsx,кв435,11,7Б3Л,Б,2.0,2.0,9.0
435-439_with_tiers.xlsx,кв435,12,7Б3Л,Б,2.0,2.0,9.0
435-439_with_tiers.xlsx,кв435,14,7Л3Б,Л,2.0,2.0,10.0
435-439_with_tiers.xlsx,кв435,15,7Б3Л,Б,2.0,2.0,9.0
435-439_with_tiers.xlsx,кв435,16,7Л1Е2Б,Л,11.0,12.0,9.0
435-439_with_tiers.xlsx,кв435,17,6Л4С,Л,18.0,20.0,6.0
435-439_with_tiers.xlsx,кв435,17,6Л4С,С,17.0,22.0,7.0
435-439_with_tiers.xlsx,кв435,18,10Л,Л,18.0,20.0,6.0
435-439_with_tiers.xlsx,кв435,19,8Б2Л,Б,2.0,2.0,9.0
435-439_with_tiers.xlsx,кв435,20,7Б3Л,Б,11.0,12.0,8.0
435-439_with_tiers.xlsx,кв435,21,8Б2Л,Б,2.0,2.0,9.0
435-439_with_tiers.xlsx,кв435,22,8Л2К+Е,Л,20.0,24.0,6.0
435-439_with_tiers.xlsx,кв435,22,8Л2К+Е,К,19.0,20.0,4.0
435-439_with_tiers.xlsx,кв435,23,7С3Л ,С,18.0,22.0,6.0
435-439_with_tiers.xlsx,кв435,23,7С3Л ,Л,18.0,20.0,6.0
435-439_with_tiers.xlsx,кв435,24,7Л3Е+Б,Л,14.0,16.0,8.0
435-439_with_tiers.xlsx,кв435,24,7Л3Е+Б,Е,12.0,12.0,3.0
435-439_with_tiers.xlsx,кв435,25,8Б2Л,Б,2.0,2.0,9.0
435-439_with_tiers.xlsx,кв435,26,8Б2Л,Б,2.0,2.0,9.0
435-439_with_tiers.xlsx,кв435,28,7С3Л,С,12.0,12.0,7.0
435-439_with_tiers.xlsx,кв435,29,5С5Л,С,12.0,12.0,7.0
435-439_with_tiers.xlsx,кв435,30,6Л4С,Л,15.0,16.0,7.0
435-439_with_tiers.xlsx,кв435,30,6Л4С,С,14.0,18.0,8.0
435-439_with_tiers.xlsx,кв436,1,7С3Л,С,19.0,22.0,5.0
435-439_with_tiers.xlsx,кв436,1,7С3Л,Л,19.0,20.0,6.0
435-439_with_tiers.xlsx,кв436,2,4Е2К2Л2Б,Е,17.0,20.0,4.0
435-439_with_tiers.xlsx,кв436,2,4Е2К2Л2Б,К,16.0,18.0,5.0
435-439_with_tiers.xlsx,кв436,2,4Е2К2Л2Б,Л,18.0,20.0,6.0
435-439_with_tiers.xlsx,кв436,2,4Е2К2Л2Б,Б,17.0,18.0,5.0
435-439_with_tiers.xlsx,кв436,3,7Л2Е1Б,Л,18.0,20.0,6.0
435-439_with_tiers.xlsx,кв436,3,7Л2Е1Б,Е,16.0,18.0,4.0
435-439_with_tiers.xlsx,кв436,3,7Л2Е1Б,Б,17.0,18.0,5.0
435-439_with_tiers.xlsx,кв436,4,4К4Л2Б,К,18.0,20.0,5.0
435-439_with_tiers.xlsx,кв436,4,4К4Л2Б,Л,20.0,26.0,6.0
435-439_with_tiers.xlsx,кв436,4,4К4Л2Б,Е,17.0,18.0,3.0
435-439_with_tiers.xlsx,кв436,5,4Л3С2Е1Б,Л,18.0,20.0,6.0
435-439_with_tiers.xlsx,кв436,5,4Л3С2Е1Б,С,18.0,24.0,6.0
435-439_with_tiers.xlsx,кв436,5,4Л3С2Е1Б,Е,16.0,16.0,3.0
435-439_with_tiers.xlsx,кв436,5,4Л3С2Е1Б,Б,17.0,18.0,5.0
435-439_with_tiers.xlsx,кв436,6,6С3Л1Б+Е,С,17.0,20.0,6.0
435-439_with_tiers.xlsx,кв436,6,6С3Л1Б+Е,Л,18.0,20.0,6.0
435-439_with_tiers.xlsx,кв436,6,6С3Л1Б+Е,Б,17.0,18.0,5.0
435-439_with_tiers.xlsx,кв436,7,7Л1С2Е+Б,Л,18.0,20.0,6.0
435-439_with_tiers.xlsx,кв436,7,7Л1С2Е+Б,С,18.0,24.0,6.0
435-439_with_tiers.xlsx,кв436,7,7Л1С2Е+Б,Е,16.0,16.0,3.0
435-439_with_tiers.xlsx,кв436,8,7С3Л+Б,С,18.0,22.0,6.0
435-439_with_tiers.xlsx,кв436,8,7С3Л+Б,Л,19.0,24.0,6.0
435-439_with_tiers.xlsx,кв436,9,6Л2С2Е+Б,Л,19.0,20.0,6.0
435-439_with_tiers.xlsx,кв436,9,6Л2С2Е+Б,С,18.0,22.0,6.0
435-439_with_tiers.xlsx,кв436,9,6Л2С2Е+Б,Е,17.0,18.0,3.0
435-439_with_tiers.xlsx,кв436,10,4С4Л1Е1Б,С,14.0,16.0,7.0
435-439_with_tiers.xlsx,кв436,11,7Л1Е2Б,Л,14.0,16.0,8.0
435-439_with_tiers.xlsx,кв436,12,7С3Л+Е+Б,С,19.0,22.0,5.0
435-439_with_tiers.xlsx,кв436,12,7С3Л+Е+Б,Л,20.0,22.0,5.0
435-439_with_tiers.xlsx,кв436,13,8Б2Л,Б,2.0,2.0,9.0
435-439_with_tiers.xlsx,кв436,14,7С3Л+Е+Б,С,19.0,22.0,5.0
435-439_with_tiers.xlsx,кв436,14,7С3Л+Е+Б,Л,20.0,22.0,5.0
435-439_with_tiers.xlsx,кв436,15,7Л1Е2Б,Л,14.0,16.0,8.0
435-439_with_tiers.xlsx,кв436,16,10Л,Л,18.0,20.0,6.0
435-439_with_tiers.xlsx,кв436,17,8Л1Е1Б,Л,17.0,20.0,7.0
435-439_with_tiers.xlsx,кв436,17,8Л1Е1Б,Е,14.0,14.0,3.0
435-439_with_tiers.xlsx,кв436,17,8Л1Е1Б,Б,16.0,18.0,6.0
435-439_with_tiers.xlsx,кв436,18,5С4Л1Б+Е,С,19.0,22.0,5.0
435-439_with_tiers.xlsx,кв436,18,5С4Л1Б+Е,Л,19.0,20.0,6.0
435-439_with_tiers.xlsx,кв436,18,5С4Л1Б+Е,Б,20.0,20.0,4.0
435-439_with_tiers.xlsx,кв436,19,6С4Л,С,15.0,20.0,8.0
435-439_with_tiers.xlsx,кв436,19,6С4Л,Л,16.0,18.0,7.0
435-439_with_tiers.xlsx,кв436,20,8С2Л,С,19.0,22.0,5.0
435-439_with_tiers.xlsx,кв436,20,8С2Л,Л,19.0,20.0,6.0
435-439_with_tiers.xlsx,кв436,21,7Л1Е2Б,Л,11.0,12.0,9.0
435-439_with_tiers.xlsx,кв436,22,7С3Л,С,18.0,22.0,6.0
435-439_with_tiers.xlsx,кв436,22,7С3Л,Л,18.0,20.0,6.0
435-439_with_tiers.xlsx,кв436,23,6Л4С+Е,Л,18.0,20.0,6.0
435-439_with_tiers.xlsx,кв436,23,6Л4С+Е,С,18.0,24.0,6.0
435-439_with_tiers.xlsx,кв436,24,5Е3Л1К1Б,Е,17.0,20.0,4.0
435-439_with_tiers.xlsx,кв436,24,5Е3Л1К1Б,Л,20.0,24.0,6.0
435-439_with_tiers.xlsx,кв436,24,5Е3Л1К1Б,К,16.0,16.0,5.0
435-439_with_tiers.xlsx,кв436,24,5Е3Л1К1Б,Б,17.0,18.0,5.0
435-439_with_tiers.xlsx,кв436,25,8Б2Л,Б,2.0,2.0,9.0
435-439_with_tiers.xlsx,кв436,26,7Б3Л,Б,2.0,2.0,9.0
435-439_with_tiers.xlsx,кв436,27,6Л4С+К,Л,18.0,20.0,6.0
435-439_with_tiers.xlsx,кв436,27,6Л4С+К,С,17.0,22.0,7.0
435-439_with_tiers.xlsx,кв436,28,6Л3Е1Б,Л,18.0,20.0,6.0
435-439_with_tiers.xlsx,кв436,28,6Л3Е1Б,Е,12.0,12.0,3.0
435-439_with_tiers.xlsx,кв436,28,6Л3Е1Б,Б,13.0,14.0,7.0
435-439_with_tiers.xlsx,кв436,29,8Б1Л1Е,Б,13.0,14.0,7.0
435-439_with_tiers.xlsx,кв436,31,7Б3Л,Б,2.0,2.0,9.0
435-439_with_tiers.xlsx,кв436,32,7С3Л,С,18.0,22.0,6.0
435-439_with_tiers.xlsx,кв436,32,7С3Л,Л,19.0,20.0,6.0
435-439_with_tiers.xlsx,кв436,33,8С2Л,С,15.0,16.0,7.0
435-439_with_tiers.xlsx,кв436,34,7Л2Е1Б,Л,17.0,20.0,7.0
435-439_with_tiers.xlsx,кв436,34,7Л2Е1Б,Е,14.0,14.0,3.0
435-439_with_tiers.xlsx,кв436,34,7Л2Е1Б,Б,13.0,14.0,7.0
435-439_with_tiers.xlsx,кв436,35,8Б2Л,Б,2.0,2.0,9.0
435-439_with_tiers.xlsx,кв436,36,8Б2Л,Б,2.0,2.0,9.0
435-439_with_tiers.xlsx,кв436,37,8Б2Л,Б,2.0,2.0,9.0
435-439_with_tiers.xlsx,кв436,38,7Л2Е1Б,Л,18.0,20.0,6.0
435-439_with_tiers.xlsx,кв436,38,7Л2Е1Б,Е,14.0,16.0,4.0
435-439_with_tiers.xlsx,кв436,38,7Л2Е1Б,Б,15.0,18.0,6.0
435-439_with_tiers.xlsx,кв436,39,6Л4С,Л,16.0,20.0,7.0
435-439_with_tiers.xlsx,кв436,39,6Л4С,С,16.0,22.0,7.0
435-439_with_tiers.xlsx,кв436,40,5С5Л,С,16.0,20.0,7.0
435-439_with_tiers.xlsx,кв436,40,5С5Л,Л,16.0,18.0,7.0
435-439_with_tiers.xlsx,кв436,41,8Б2Л,Б,2.0,2.0,9.0
435-439_with_tiers.xlsx,кв436,42,4Е2К3Л1Б,Е,16.0,20.0,5.0
435-439_with_tiers.xlsx,кв436,42,4Е2К3Л1Б,К,15.0,16.0,5.0
435-439_with_tiers.xlsx,кв436,42,4Е2К3Л1Б,Л,17.0,20.0,7.0
435-439_with_tiers.xlsx,кв436,42,4Е2К3Л1Б,Б,14.0,14.0,6.0
435-439_with_tiers.xlsx,кв436,44,6Л2К2С+Б,Л,18.0,20.0,6.0
435-439_with_tiers.xlsx,кв436,44,6Л2К2С+Б,К,16.0,18.0,5.0
435-439_with_tiers.xlsx,кв436,44,6Л2К2С+Б,С,18.0,24.0,6.0
435-439_with_tiers.xlsx,кв436,45,7Л1Е2Б,Л,12.0,12.0,8.0
435-439_with_tiers.xlsx,кв436,46,4Л3С1Е2Б,Л,17.0,18.0,6.0
435-439_with_tiers.xlsx,кв436,46,4Л3С1Е2Б,С,17.0,20.0,6.0
435-439_with_tiers.xlsx,кв436,46,4Л3С1Е2Б,Е,14.0,16.0,4.0
435-439_with_tiers.xlsx,кв436,46,4Л3С1Е2Б,Б,14.0,16.0,7.0
435-439_with_tiers.xlsx,кв436,47,8С2Л+К,С,19.0,22.0,5.0
435-439_with_tiers.xlsx,кв436,47,8С2Л+К,Л,19.0,20.0,6.0
435-439_with_tiers.xlsx,кв437,1,4К4Л2,К,18.0,20.0,5.0
435-439_with_tiers.xlsx,кв437,1,4К4Л2,Л,20.0,26.0,6.0
435-439_with_tiers.xlsx,кв437,1,4К4Л3,Е,17.0,18.0,3.0
435-439_with_tiers.xlsx,кв437,2,6Л3С1К+Б,Л,18.0,22.0,7.0
435-439_with_tiers.xlsx,кв437,2,6Л3С1К+Б,С,18.0,24.0,6.0
435-439_with_tiers.xlsx,кв437,2,6Л3С1К+Б,К,16.0,18.0,5.0
435-439_with_tiers.xlsx,кв437,3,8Л2Е,Л,17.0,20.0,7.0
435-439_with_tiers.xlsx,кв437,3,8Л2Е,Е,14.0,14.0,3.0
435-439_with_tiers.xlsx,кв437,4,7Л3С+Е,Л,20.0,24.0,6.0
435-439_with_tiers.xlsx,кв437,4,7Л3С+Е,С,19.0,26.0,6.0
435-439_with_tiers.xlsx,кв437,5,8Л1Е1Б,Л,14.0,16.0,8.0
435-439_with_tiers.xlsx,кв437,6,6Л4С,Л,18.0,20.0,6.0
435-439_with_tiers.xlsx,кв437,6,6Л4С,С,17.0,22.0,7.0
435-439_with_tiers.xlsx,кв437,7,8Б2Л,Б,2.0,2.0,9.0
435-439_with_tiers.xlsx,кв437,8,7Л1Е2Б,Л,18.0,20.0,6.0
435-439_with_tiers.xlsx,кв437,8,7Л1Е2Б,Е,16.0,16.0,3.0
435-439_with_tiers.xlsx,кв437,8,7Л1Е2Б,Б,14.0,16.0,7.0
435-439_with_tiers.xlsx,кв437,9,8Л1Е1Б,Л,19.0,20.0,6.0
435-439_with_tiers.xlsx,кв437,9,8Л1Е1Б,Е,16.0,16.0,3.0
435-439_with_tiers.xlsx,кв437,9,8Л1Е1Б,Б,14.0,16.0,7.0
435-439_with_tiers.xlsx,кв437,10,5С5Л,С,18.0,22.0,6.0
435-439_with_tiers.xlsx,кв437,10,5С5Л,Л,18.0,20.0,6.0
435-439_with_tiers.xlsx,кв437,11,6С4Л+Е+К,С,15.0,18.0,7.0
435-439_with_tiers.xlsx,кв437,11,6С4Л+Е+К,Л,16.0,18.0,7.0
435-439_with_tiers.xlsx,кв437,12,5Л2Е3Б+С,Л,17.0,20.0,7.0
435-439_with_tiers.xlsx,кв437,12,5Л2Е3Б+С,Е,14.0,16.0,4.0
435-439_with_tiers.xlsx,кв437,12,5Л2Е3Б+С,Б,15.0,18.0,6.0
435-439_with_tiers.xlsx,кв437,13,8Б2Л,Б,2.0,2.0,9.0
435-439_with_tiers.xlsx,кв437,14,4С4Л2Б,С,14.0,16.0,7.0
435-439_with_tiers.xlsx,кв437,15,6С4Л,С,15.0,20.0,8.0
435-439_with_tiers.xlsx,кв437,15,6С4Л,Л,16.0,18.0,7.0
435-439_with_tiers.xlsx,кв437,16,7Б3Л,Б,2.0,2.0,9.0
435-439_with_tiers.xlsx,кв437,17,6Л3Е1Б,Л,18.0,22.0,7.0
435-439_with_tiers.xlsx,кв437,17,6Л3Е1Б,Е,14.0,14.0,3.0
435-439_with_tiers.xlsx,кв437,17,6Л3Е1Б,Б,13.0,16.0,8.0
435-439_with_tiers.xlsx,кв437,18,7Б3Л,Б,2.0,2.0,9.0
435-439_with_tiers.xlsx,кв437,19,8С2Л,С,15.0,16.0,7.0
435-439_with_tiers.xlsx,кв437,20,8Б2Л,Б,2.0,2.0,9.0
435-439_with_tiers.xlsx,кв437,21,8Б2Л,Б,2.0,2.0,9.0
435-439_with_tiers.xlsx,кв437,22,10Л,Л,17.0,20.0,7.0
435-439_with_tiers.xlsx,кв437,23,8С2Л,С,15.0,16.0,7.0
435-439_with_tiers.xlsx,кв437,24,8Е2Л,Б,2.0,2.0,9.0
435-439_with_tiers.xlsx,кв437,26,6С1Л3Б,С,12.0,12.0,7.0
435-439_with_tiers.xlsx,кв437,27,8Л3Е1Б,Л,15.0,16.0,7.0
435-439_with_tiers.xlsx,кв437,28,8Л1К1Е,Л,22.0,26.0,5.0
435-439_with_tiers.xlsx,кв437,28,8Л1К1Е,К,20.0,28.0,5.0
435-439_with_tiers.xlsx,кв437,28,8Л1К1Е,Е,17.0,18.0,3.0
435-439_with_tiers.xlsx,кв437,29,6С4Л,С,19.0,22.0,5.0
435-439_with_tiers.xlsx,кв437,29,6С4Л,Л,19.0,20.0,6.0
435-439_with_tiers.xlsx,кв437,30,5С3Л2Б+Е,С,18.0,22.0,6.0
435-439_with_tiers.xlsx,кв437,30,5С3Л2Б+Е,Л,18.0,20.0,6.0
435-439_with_tiers.xlsx,кв437,30,5С3Л2Б+Е,Б,17.0,18.0,5.0
435-439_with_tiers.xlsx,кв438,1,7Л3С+Е,Л,20.0,24.0,6.0
435-439_with_tiers.xlsx,кв438,1,7Л3С+Е,С,19.0,26.0,6.0
435-439_with_tiers.xlsx,кв438,2,8Л1Е1Б,Л,14.0,16.0,8.0
435-439_with_tiers.xlsx,кв438,3,6Л3С1Е+Б,Л,20.0,24.0,6.0
435-439_with_tiers.xlsx,кв438,3,6Л3С1Е+Б,С,19.0,26.0,6.0
435-439_with_tiers.xlsx,кв438,3,6Л3С1Е+Б,Е,17.0,18.0,3.0
435-439_with_tiers.xlsx,кв438,4,6Л2С1Е1Б,Л,14.0,16.0,8.0
435-439_with_tiers.xlsx,кв438,7,8Б2Л,Б,2.0,2.0,9.0
435-439_with_tiers.xlsx,кв438,8,5Л2Е3Б,Л,17.0,20.0,7.0
435-439_with_tiers.xlsx,кв438,8,5Л2Е3Б,Е,14.0,16.0,4.0
435-439_with_tiers.xlsx,кв438,8,5Л2Е3Б,Б,15.0,18.0,6.0
435-439_with_tiers.xlsx,кв438,9,5Л5Б,Л,1.0,1.0,10.0
435-439_with_tiers.xlsx,кв438,10,7Б3Л,Б,2.0,2.0,9.0
435-439_with_tiers.xlsx,кв438,12,7Б3Л,Б,2.0,2.0,9.0
435-439_with_tiers.xlsx,кв438,13,8С2Л,С,15.0,16.0,7.0
435-439_with_tiers.xlsx,кв438,14,4Е1Л5Б,Е,14.0,16.0,4.0
435-439_with_tiers.xlsx,кв438,14,4Е1Л5Б,Л,18.0,22.0,7.0
435-439_with_tiers.xlsx,кв438,14,4Е1Л5Б,Б,15.0,16.0,6.0
435-439_with_tiers.xlsx,кв438,15,7С3Л,С,15.0,16.0,7.0
435-439_with_tiers.xlsx,кв439,1,6Л2Е2Б+С,Л,22.0,24.0,5.0
435-439_with_tiers.xlsx,кв439,1,6Л2Е2Б+С,Е,20.0,20.0,2.0
435-439_with_tiers.xlsx,кв439,1,6Л2Е2Б+С,Б,13.0,12.0,6.0
435-439_with_tiers.xlsx,кв439,2,6Л4Б,Л,12.0,10.0,7.0
435-439_with_tiers.xlsx,кв439,3,7Л3Е,Л,7.0,8.0,10.0
435-439_with_tiers.xlsx,кв439,4,8Б2Л,Б,2.0,2.0,9.0
435-439_with_tiers.xlsx,кв439,5,7Л2Е1Б,Л,18.0,24.0,7.0
435-439_with_tiers.xlsx,кв439,5,7Л2Е1Б,Е,16.0,20.0,5.0
435-439_with_tiers.xlsx,кв439,5,7Л2Е1Б,Б,13.0,12.0,6.0
435-439_with_tiers.xlsx,кв439,6,7Л3Е+Б,Л,18.0,24.0,7.0
435-439_with_tiers.xlsx,кв439,6,7Л3Е+Б,Е,16.0,20.0,5.0
435-439_with_tiers.xlsx,кв439,7,7Л2Е1Б,Л,18.0,24.0,7.0
435-439_with_tiers.xlsx,кв439,7,7Л2Е1Б,Е,16.0,20.0,5.0
435-439_with_tiers.xlsx,кв439,7,7Л2Е1Б,Б,13.0,12.0,6.0
435-439_with_tiers.xlsx,кв439,8,7Л2Е1С+Б,Л,7.0,8.0,10.0
435-439_with_tiers.xlsx,кв439,9,7Л3Е,Л,7.0,8.0,10.0
435-439_with_tiers.xlsx,кв439,10,7Л3Е+Б,Л,22.0,24.0,5.0
435-439_with_tiers.xlsx,кв439,10,7Л3Е+Б,Е,18.0,20.0,4.0
472-475_with_tiers.xlsx,кв472,1,4Л3Е3Б+К,Л,18.0,24.0,7.0
472-475_with_tiers.xlsx,кв472,1,4Л3Е3Б+К,Е,16.0,20.0,5.0
472-475_with_tiers.xlsx,кв472,1,4Л3Е3Б+К,Б,15.0,16.0,6.0
472-475_with_tiers.xlsx,кв472,2,6Л1Е3Б+К,Л,21.0,28.0,6.0
472-475_with_tiers.xlsx,кв472,2,6Л1Е3Б+К,Е,18.0,20.0,4.0
472-475_with_tiers.xlsx,кв472,2,6Л1Е3Б+К,Б,15.0,16.0,6.0
472-475_with_tiers.xlsx,кв472,3,4Е2Л4Б,Е,15.0,18.0,5.0
472-475_with_tiers.xlsx,кв472,3,4Е2Л4Б,Л,14.0,20.0,9.0
472-475_with_tiers.xlsx,кв472,3,4Е2Л4Б,Б,14.0,16.0,7.0
472-475_with_tiers.xlsx,кв472,4,4С2Л4Б,Е,15.0,18.0,5.0
472-475_with_tiers.xlsx,кв472,4,4С2Л4Б,Л,15.0,20.0,8.0
472-475_with_tiers.xlsx,кв472,4,4С2Л4Б,Б,14.0,18.0,7.0
472-475_with_tiers.xlsx,кв472,5,5С2Л2Е1Б,С,16.0,18.0,6.0
472-475_with_tiers.xlsx,кв472,5,5С2Л2Е1Б,Л,17.0,18.0,6.0
472-475_with_tiers.xlsx,кв472,5,5С2Л2Е1Б,Е,15.0,16.0,4.0
472-475_with_tiers.xlsx,кв472,5,5С2Л2Е1Б,Б,14.0,16.0,7.0
472-475_with_tiers.xlsx,кв472,7,5С2Л3Б+Е,С,18.0,20.0,6.0
472-475_with_tiers.xlsx,кв472,7,5С2Л3Б+Е,Л,19.0,22.0,6.0
472-475_with_tiers.xlsx,кв472,7,5С2Л3Б+Е,Б,15.0,16.0,6.0
472-475_with_tiers.xlsx,кв472,8,5Л2С3Б,Л,13.0,16.0,8.0
472-475_with_tiers.xlsx,кв472,9,6Л4Б,Л,13.0,14.0,8.0
472-475_with_tiers.xlsx,кв472,10,6Б4Л,Б,3.0,4.0,9.0
472-475_with_tiers.xlsx,кв472,11,7Б3Л,Б,7.0,8.0,9.0
472-475_with_tiers.xlsx,кв472,12,5Л4С1Б,Л,19.0,22.0,6.0
472-475_with_tiers.xlsx,кв472,12,5Л4С1Б,С,18.0,20.0,6.0
472-475_with_tiers.xlsx,кв472,12,5Л4С1Б,Б,15.0,16.0,6.0
472-475_with_tiers.xlsx,кв472,13,6Б4Л,Б,3.0,4.0,9.0
472-475_with_tiers.xlsx,кв472,14,4Л4С2Б,Л,18.0,22.0,7.0
472-475_with_tiers.xlsx,кв472,14,4Л4С2Б,С,17.0,20.0,6.0
472-475_with_tiers.xlsx,кв472,14,4Л4С2Б,Б,15.0,16.0,6.0
472-475_with_tiers.xlsx,кв472,15,6Л4Б+С,Л,11.0,12.0,9.0
472-475_with_tiers.xlsx,кв472,16,8Б2Л,Б,3.0,4.0,9.0
472-475_with_tiers.xlsx,кв472,17,5Л4С1Б,Л,19.0,22.0,6.0
472-475_with_tiers.xlsx,кв472,17,5Л4С1Б,С,18.0,20.0,6.0
472-475_with_tiers.xlsx,кв472,17,5Л4С1Б,Б,15.0,16.0,6.0
472-475_with_tiers.xlsx,кв473,1,8Б2Л,Б,3.0,4.0,9.0
472-475_with_tiers.xlsx,кв473,2,4Л1С1Е4Б,Л,13.0,16.0,8.0
472-475_with_tiers.xlsx,кв473,4,7Б2Е1Л,Б,14.0,16.0,7.0
472-475_with_tiers.xlsx,кв473,4,7Б2Е1Л,Е,14.0,16.0,4.0
472-475_with_tiers.xlsx,кв473,4,7Б2Е1Л,Л,15.0,16.0,7.0
472-475_with_tiers.xlsx,кв473,5,8Б2Л,Б,3.0,4.0,9.0
472-475_with_tiers.xlsx,кв473,6,8Б2Л,Б,3.0,4.0,9.0
472-475_with_tiers.xlsx,кв473,7,6Б4Л,Б,3.0,4.0,9.0
472-475_with_tiers.xlsx,кв473,8,3Л2Е5Б,Л,14.0,16.0,8.0
472-475_with_tiers.xlsx,кв473,9,3Л2Е5Б,Л,13.0,14.0,8.0
472-475_with_tiers.xlsx,кв473,10,3Е2Л1К4Б,Е,13.0,14.0,4.0
472-475_with_tiers.xlsx,кв473,10,3Е2Л1К4Б,Л,13.0,14.0,8.0
472-475_with_tiers.xlsx,кв473,10,3Е2Л1К4Б,К,13.0,16.0,7.0
472-475_with_tiers.xlsx,кв473,10,3Е2Л1К4Б,Б,12.0,14.0,8.0
472-475_with_tiers.xlsx,кв473,11,5Б2Л,Б,3.0,4.0,9.0
472-475_with_tiers.xlsx,кв473,12,4Л1Е5Б,Л,13.0,14.0,8.0
472-475_with_tiers.xlsx,кв473,13,5Л2С3Б,Л,19.0,24.0,6.0
472-475_with_tiers.xlsx,кв473,13,5Л2С3Б,С,18.0,22.0,6.0
472-475_with_tiers.xlsx,кв473,13,5Л2С3Б,Б,15.0,16.0,6.0
472-475_with_tiers.xlsx,кв473,14,3Л2Е5Б,Л,14.0,16.0,8.0
472-475_with_tiers.xlsx,кв473,15,4Л1Е5Б+С,Л,16.0,18.0,7.0
472-475_with_tiers.xlsx,кв473,15,4Л1Е5Б+С,Е,15.0,18.0,5.0
472-475_with_tiers.xlsx,кв473,15,4Л1Е5Б+С,Б,14.0,16.0,7.0
472-475_with_tiers.xlsx,кв473,16,8Б2Л,Б,3.0,4.0,9.0
472-475_with_tiers.xlsx,кв473,17,8Б2Л,Б,3.0,4.0,9.0
472-475_with_tiers.xlsx,кв473,18,8Б2Л,Б,3.0,4.0,9.0
472-475_with_tiers.xlsx,кв473,19,7Б3Л,Б,3.0,4.0,9.0
472-475_with_tiers.xlsx,кв473,20,7Б3Л,Б,3.0,4.0,9.0
472-475_with_tiers.xlsx,кв473,21,4С4Л2Б,С,19.0,22.0,5.0
472-475_with_tiers.xlsx,кв473,21,4С4Л2Б,Л,20.0,24.0,6.0
472-475_with_tiers.xlsx,кв473,21,4С4Л2Б,Б,14.0,16.0,7.0
472-475_with_tiers.xlsx,кв473,22,7Б3Л,Б,3.0,4.0,9.0
472-475_with_tiers.xlsx,кв473,23,7Б3Л,Б,3.0,4.0,9.0
472-475_with_tiers.xlsx,кв473,24,6Б4Л,Б,3.0,4.0,9.0
472-475_with_tiers.xlsx,кв473,25,8Б2Л,Б,3.0,4.0,9.0
472-475_with_tiers.xlsx,кв473,27,3Л3Е4Б+К,Л,19.0,24.0,6.0
472-475_with_tiers.xlsx,кв473,27,3Л3Е4Б+К,Е,17.0,20.0,4.0
472-475_with_tiers.xlsx,кв473,27,3Л3Е4Б+К,Б,14.0,16.0,7.0
472-475_with_tiers.xlsx,кв473,28,6Л1С3Б,Л,18.0,20.0,6.0
472-475_with_tiers.xlsx,кв473,28,6Л1С3Б,С,16.0,18.0,6.0
472-475_with_tiers.xlsx,кв473,28,6Л1С3Б,Б,14.0,16.0,7.0
472-475_with_tiers.xlsx,кв473,29,8Б2Л,Б,3.0,4.0,9.0
472-475_with_tiers.xlsx,кв473,30,5Л2С3Б,Л,19.0,24.0,6.0
472-475_with_tiers.xlsx,кв473,30,5Л2С3Б,С,18.0,22.0,6.0
472-475_with_tiers.xlsx,кв473,30,5Л2С3Б,Б,15.0,16.0,6.0
472-475_with_tiers.xlsx,кв473,31,8Б2Л,Б,3.0,4.0,9.0
472-475_with_tiers.xlsx,кв474,1,7Л2Е1С+Б,Л,7.0,8.0,10.0
472-475_with_tiers.xlsx,кв474,2,6Л2С2Е+Б,Л,18.0,24.0,7.0
472-475_with_tiers.xlsx,кв474,2,6Л2С2Е+Б,С,16.0,20.0,7.0
472-475_with_tiers.xlsx,кв474,2,6Л2С2Е+Б,Е,16.0,20.0,5.0
472-475_with_tiers.xlsx,кв474,3,7Л3Е+Б,Л,7.0,8.0,10.0
472-475_with_tiers.xlsx,кв474,4,10Л,Л,13.0,18.0,9.0
472-475_with_tiers.xlsx,кв474,5,10Л,Л,13.0,18.0,9.0
472-475_with_tiers.xlsx,кв474,7,8Л1С1Б,Л,19.0,22.0,6.0
472-475_with_tiers.xlsx,кв474,7,8Л1С1Б,С,16.0,22.0,7.0
472-475_with_tiers.xlsx,кв474,7,8Л1С1Б,Б,15.0,16.0,6.0
472-475_with_tiers.xlsx,кв474,8,10Л,Л,13.0,18.0,9.0
472-475_with_tiers.xlsx,кв475,1,7Л2Е1С,Л,7.0,8.0,10.0
472-475_with_tiers.xlsx,кв475,2,6Л2С2Е,Л,18.0,24.0,7.0
472-475_with_tiers.xlsx,кв475,2,6Л2С2Е,С,16.0,20.0,7.0
472-475_with_tiers.xlsx,кв475,2,6Л2С2Е,Е,16.0,20.0,5.0
472-475_with_tiers.xlsx,кв475,3,10Л,Л,12.0,10.0,7.0
472-475_with_tiers.xlsx,кв475,4,7Л3Е,Л,7.0,8.0,10.0
472-475_with_tiers.xlsx,кв475,5,7Л3Е,Л,7.0,8.0,10.0
472-475_with_tiers.xlsx,кв475,7,10Л,Л,12.0,18.0,10.0
472-475_with_tiers.xlsx,кв475,8,7Л3Е,Л,7.0,8.0,10.0
472-475_with_tiers.xlsx,кв475,9,7Л3Е,Л,7.0,8.0,10.0
472-475_with_tiers.xlsx,кв475,10,10Л,Л,19.0,22.0,6.0
472-475_with_tiers.xlsx,кв475,11,10Л,Л,19.0,22.0,6.0
472-475_with_tiers.xlsx,кв475,12,10Л,Л,19.0,22.0,6.0
472-475_with_tiers.xlsx,кв475,13,10Л,Л,19.0,22.0,6.0
472-475_with_tiers.xlsx,кв475,14,8Л1С1Б,Л,19.0,22.0,6.0
472-475_with_tiers.xlsx,кв475,14,8Л1С1Б,С,16.0,22.0,7.0
472-475_with_tiers.xlsx,кв475,14,8Л1С1Б,Б,15.0,16.0,6.0
511-516_with_tiers.xlsx,Кв511,1,6Л4Б,Л,13.0,14.0,8.0
511-516_with_tiers.xlsx,Кв511,3,8Л1Е1Б,Л,13.0,14.0,8.0
511-516_with_tiers.xlsx,Кв511,3,8Л1Е1Б,Е,12.0,14.0,5.0
511-516_with_tiers.xlsx,Кв511,3,8Л1Е1Б,Б,11.0,12.0,8.0
511-516_with_tiers.xlsx,Кв511,5,7Б3Л,Б,7.0,8.0,9.0
511-516_with_tiers.xlsx,Кв511,6,5Л4С1Б,Л,19.0,22.0,6.0
511-516_with_tiers.xlsx,Кв511,6,5Л4С1Б,С,18.0,20.0,6.0
511-516_with_tiers.xlsx,Кв511,6,5Л4С1Б,Б,15.0,16.0,6.0
511-516_with_tiers.xlsx,Кв511,7,7Л1Е2Б,Л,12.0,14.0,9.0
511-516_with_tiers.xlsx,Кв511,8,8Л1Е1Б,Л,13.0,16.0,8.0
511-516_with_tiers.xlsx,Кв511,8,8Л1Е1Б,Е,12.0,16.0,6.0
511-516_with_tiers.xlsx,Кв511,8,8Л1Е1Б,Б,12.0,14.0,8.0
511-516_with_tiers.xlsx,Кв511,9,8Л1Е1Б,Л,19.0,22.0,6.0
511-516_with_tiers.xlsx,Кв511,9,8Л1Е1Б,Е,18.0,20.0,4.0
511-516_with_tiers.xlsx,Кв511,9,8Л1Е1Б,Б,15.0,16.0,6.0
511-516_with_tiers.xlsx,Кв511,11,7Б3Л,Б,7.0,8.0,9.0
511-516_with_tiers.xlsx,Кв511,12,5Л4С1Б,Л,19.0,22.0,6.0
511-516_with_tiers.xlsx,Кв511,12,5Л4С1Б,С,18.0,20.0,6.0
511-516_with_tiers.xlsx,Кв511,12,5Л4С1Б,Б,15.0,16.0,6.0
511-516_with_tiers.xlsx,Кв511,13,8Л2Б+Е,Л,15.0,16.0,7.0
511-516_with_tiers.xlsx,Кв511,14,7Л1Е2Б,Л,18.0,20.0,6.0
511-516_with_tiers.xlsx,Кв511,14,7Л1Е2Б,Е,17.0,18.0,3.0
511-516_with_tiers.xlsx,Кв511,14,7Л1Е2Б,Б,15.0,16.0,6.0
511-516_with_tiers.xlsx,Кв511,15,7Б3Л,Б,7.0,8.0,9.0
511-516_with_tiers.xlsx,Кв511,16,5Л5Б+Е,Л,17.0,18.0,6.0
511-516_with_tiers.xlsx,Кв511,16,5Л5Б+Е,Б,14.0,6.0,2.0
511-516_with_tiers.xlsx,Кв511,17,8Б2Л,Б,3.0,4.0,9.0
511-516_with_tiers.xlsx,Кв511,19,5Л5Б,Л,13.0,16.0,8.0
511-516_with_tiers.xlsx,Кв511,20,7Л1Е2Б+С,Л,20.0,24.0,6.0
511-516_with_tiers.xlsx,Кв511,20,7Л1Е2Б+С,Е,18.0,20.0,4.0
511-516_with_tiers.xlsx,Кв511,20,7Л1Е2Б+С,Б,15.0,16.0,6.0
511-516_with_tiers.xlsx,Кв511,21,7Б3Л+Е,Б,14.0,16.0,7.0
511-516_with_tiers.xlsx,Кв511,21,7Б3Л+Е,Л,14.0,16.0,8.0
511-516_with_tiers.xlsx,Кв511,23,7Л1Е2Б,Л,17.0,20.0,7.0
511-516_with_tiers.xlsx,Кв511,23,7Л1Е2Б,Е,17.0,18.0,3.0
511-516_with_tiers.xlsx,Кв511,23,7Л1Е2Б,Б,15.0,16.0,6.0
511-516_with_tiers.xlsx,Кв512,1,3Л4С1Б,Л,19.0,22.0,6.0
511-516_with_tiers.xlsx,Кв512,1,3Л4С1Б,С,18.0,20.0,6.0
511-516_with_tiers.xlsx,Кв512,1,3Л4С1Б,Б,15.0,16.0,6.0
511-516_with_tiers.xlsx,Кв512,2,5Л3С2Б,Л,19.0,22.0,6.0
511-516_with_tiers.xlsx,Кв512,2,5Л3С2Б,С,18.0,20.0,6.0
511-516_with_tiers.xlsx,Кв512,2,5Л3С2Б,Б,15.0,16.0,6.0
511-516_with_tiers.xlsx,Кв512,3,5Л1С4Б,Л,17.0,20.0,7.0
511-516_with_tiers.xlsx,Кв512,3,5Л1С4Б,С,16.0,18.0,6.0
511-516_with_tiers.xlsx,Кв512,3,5Л1С4Б,Б,15.0,16.0,6.0
511-516_with_tiers.xlsx,Кв512,4,6Л4Б+С,Л,11.0,12.0,9.0
511-516_with_tiers.xlsx,Кв512,5,5Л4С1Б,Л,19.0,22.0,6.0
511-516_with_tiers.xlsx,Кв512,5,5Л4С1Б,С,18.0,20.0,6.0
511-516_with_tiers.xlsx,Кв512,5,5Л4С1Б,Б,15.0,16.0,6.0
511-516_with_tiers.xlsx,Кв512,6,6Л4Б+С,Л,11.0,12.0,9.0
511-516_with_tiers.xlsx,Кв512,7,8Б2Л,Б,3.0,4.0,9.0
511-516_with_tiers.xlsx,Кв512,8,5Л2С3Б,Л,18.0,22.0,7.0
511-516_with_tiers.xlsx,Кв512,8,5Л2С3Б,С,17.0,18.0,6.0
511-516_with_tiers.xlsx,Кв512,8,5Л2С3Б,Б,15.0,16.0,6.0
511-516_with_tiers.xlsx,Кв512,9,7Л1Е2Б,Л,18.0,20.0,6.0
511-516_with_tiers.xlsx,Кв512,9,7Л1Е2Б,Е,17.0,18.0,3.0
511-516_with_tiers.xlsx,Кв512,9,7Л1Е2Б,Б,15.0,16.0,6.0
511-516_with_tiers.xlsx,Кв512,10,5Л4С1Б,Л,19.0,22.0,6.0
511-516_with_tiers.xlsx,Кв512,10,5Л4С1Б,С,18.0,20.0,6.0
511-516_with_tiers.xlsx,Кв512,10,5Л4С1Б,Б,15.0,16.0,6.0
511-516_with_tiers.xlsx,Кв512,11,8Б2Л,Б,3.0,4.0,9.0
511-516_with_tiers.xlsx,Кв512,12,5Л4С1Б,Л,19.0,22.0,6.0
511-516_with_tiers.xlsx,Кв512,12,5Л4С1Б,С,18.0,20.0,6.0
511-516_with_tiers.xlsx,Кв512,12,5Л4С1Б,Б,15.0,16.0,6.0
511-516_with_tiers.xlsx,Кв512,13,5Л2С3Б,Л,18.0,22.0,7.0
511-516_with_tiers.xlsx,Кв512,13,5Л2С3Б,С,17.0,18.0,6.0
511-516_with_tiers.xlsx,Кв512,13,5Л2С3Б,Б,15.0,16.0,6.0
511-516_with_tiers.xlsx,Кв512,14,8Б2Л,Б,3.0,4.0,9.0
511-516_with_tiers.xlsx,Кв512,15,5Л2С3Б,Л,18.0,20.0,6.0
511-516_with_tiers.xlsx,Кв512,15,5Л2С3Б,С,17.0,18.0,6.0
511-516_with_tiers.xlsx,Кв512,15,5Л2С3Б,Б,15.0,16.0,6.0
511-516_with_tiers.xlsx,Кв512,16,5Л1С4Б,Л,14.0,16.0,8.0
511-516_with_tiers.xlsx,Кв512,17,7Л2С1Б,Л,19.0,22.0,6.0
511-516_with_tiers.xlsx,Кв512,17,7Л2С1Б,С,18.0,20.0,6.0
511-516_with_tiers.xlsx,Кв512,17,7Л2С1Б,Б,15.0,16.0,6.0
511-516_with_tiers.xlsx,Кв512,18,5Л1С4Б,Л,15.0,16.0,7.0
511-516_with_tiers.xlsx,Кв512,19,5Л5Б+Е+С,Л,10.0,12.0,10.0
511-516_with_tiers.xlsx,Кв512,20,8Б2Л,Б,1.0,,
511-516_with_tiers.xlsx,Кв512,21,8Б2Л+С,Б,1.0,,
511-516_with_tiers.xlsx,Кв512,22,7Л3Б,Л,17.0,18.0,6.0
511-516_with_tiers.xlsx,Кв512,22,7Л3Б,Б,15.0,16.0,6.0
511-516_with_tiers.xlsx,Кв512,23,8Б2Л+С,Б,1.0,,
511-516_with_tiers.xlsx,Кв512,24,7Л1Е2Б,Л,19.0,22.0,6.0
511-516_with_tiers.xlsx,Кв512,24,7Л1Е2Б,Е,16.0,18.0,4.0
511-516_with_tiers.xlsx,Кв512,24,7Л1Е2Б,Б,15.0,16.0,6.0
511-516_with_tiers.xlsx,Кв513,1,8Б2Л,Б,3.0,4.0,9.0
511-516_with_tiers.xlsx,Кв513,2,6Л1С3Б,Л,18.0,20.0,6.0
511-516_with_tiers.xlsx,Кв513,2,6Л1С3Б,С,16.0,18.0,6.0
511-516_with_tiers.xlsx,Кв513,2,6Л1С3Б,Б,14.0,16.0,7.0
511-516_with_tiers.xlsx,Кв513,3,5Л4С1Б,Л,19.0,22.0,6.0
511-516_with_tiers.xlsx,Кв513,3,5Л4С1Б,С,18.0,20.0,6.0
511-516_with_tiers.xlsx,Кв513,3,5Л4С1Б,Б,15.0,16.0,6.0
511-516_with_tiers.xlsx,Кв513,4,8Б2Л,Б,3.0,4.0,9.0
511-516_with_tiers.xlsx,Кв513,5,8Б2Л,Б,3.0,4.0,9.0
511-516_with_tiers.xlsx,Кв513,6,8Б2Л,Б,3.0,4.0,9.0
511-516_with_tiers.xlsx,Кв513,7,8Б2Л,Б,3.0,4.0,9.0
511-516_with_tiers.xlsx,Кв513,8,5Л1С4Б+Е,Л,20.0,26.0,6.0
511-516_with_tiers.xlsx,Кв513,8,5Л1С4Б+Е,С,18.0,20.0,6.0
511-516_with_tiers.xlsx,Кв513,8,5Л1С4Б+Е,Б,15.0,16.0,6.0
511-516_with_tiers.xlsx,Кв513,9,6Л4Б+Е,Л,14.0,16.0,8.0
511-516_with_tiers.xlsx,Кв513,10,8Б2Л,Б,3.0,4.0,9.0
511-516_with_tiers.xlsx,Кв513,11,7Л3Б+Е,Л,16.0,18.0,7.0
511-516_with_tiers.xlsx,Кв513,11,7Л3Б+Е,Б,14.0,16.0,7.0
511-516_with_tiers.xlsx,Кв513,12,8Б2Л,Б,3.0,4.0,9.0
511-516_with_tiers.xlsx,Кв513,13,8Б2Л,Б,3.0,4.0,9.0
511-516_with_tiers.xlsx,Кв513,14,5Л3Б+Е,Л,15.0,18.0,8.0
511-516_with_tiers.xlsx,Кв513,14,5Л3Б+Е,Б,12.0,14.0,8.0
511-516_with_tiers.xlsx,Кв513,15,4Л2С4Б+Е,Л,14.0,16.0,8.0
511-516_with_tiers.xlsx,Кв513,16,7Л1С2Б,Л,16.0,18.0,7.0
511-516_with_tiers.xlsx,Кв513,16,7Л1С2Б,С,13.0,16.0,8.0
511-516_with_tiers.xlsx,Кв513,16,7Л1С2Б,Б,14.0,16.0,7.0
511-516_with_tiers.xlsx,Кв513,17,6Л4Б+С+Е,Л,14.0,16.0,8.0
511-516_with_tiers.xlsx,Кв513,18,8Е2Л+С,Е,3.0,4.0,7.0
511-516_with_tiers.xlsx,Кв513,19,6Л1Е3Б,Л,14.0,16.0,8.0
511-516_with_tiers.xlsx,Кв514,1,6Л4Б+Е,Л,13.0,16.0,8.0
511-516_with_tiers.xlsx,Кв514,1,6Л4Б+Е,Б,12.0,14.0,8.0
511-516_with_tiers.xlsx,Кв514,2,8Б2Л,Б,3.0,4.0,9.0
511-516_with_tiers.xlsx,Кв514,3,7Л3Б+Е,Л,16.0,14.0,6.0
511-516_with_tiers.xlsx,Кв514,3,7Л3Б+Е,Б,13.0,14.0,7.0
511-516_with_tiers.xlsx,Кв514,4,8Б2Л,Б,3.0,4.0,9.0
511-516_with_tiers.xlsx,Кв514,5,7Л3Б+Е,Л,16.0,18.0,7.0
511-516_with_tiers.xlsx,Кв514,5,7Л3Б+Е,Б,13.0,14.0,7.0
511-516_with_tiers.xlsx,Кв514,7,8Б2Л,Б,3.0,4.0,9.0
511-516_with_tiers.xlsx,Кв514,8,8Б2Л,Б,3.0,4.0,9.0
511-516_with_tiers.xlsx,Кв514,9,6Л4Б+Е,Л,19.0,24.0,6.0
511-516_with_tiers.xlsx,Кв514,9,6Л4Б+Е,Б,15.0,16.0,6.0
511-516_with_tiers.xlsx,Кв514,10,6Л4Б,Л,19.0,24.0,6.0
511-516_with_tiers.xlsx,Кв514,10,6Л4Б,Б,15.0,16.0,6.0
511-516_with_tiers.xlsx,Кв514,11,6Л4Б,Л,17.0,20.0,7.0
511-516_with_tiers.xlsx,Кв514,11,6Л4Б,Б,14.0,16.0,7.0
511-516_with_tiers.xlsx,Кв514,12,6Л4Б,Л,17.0,20.0,7.0
511-516_with_tiers.xlsx,Кв514,12,6Л4Б,С,14.0,16.0,7.0
511-516_with_tiers.xlsx,Кв514,13,7Л1С2Б,Л,19.0,24.0,6.0
511-516_with_tiers.xlsx,Кв514,13,7Л1С2Б,С,17.0,24.0,7.0
511-516_with_tiers.xlsx,Кв514,13,7Л1С2Б,Б,15.0,16.0,6.0
511-516_with_tiers.xlsx,Кв514,14,6Л4Б,Л,19.0,24.0,6.0
511-516_with_tiers.xlsx,Кв514,14,6Л4Б,Б,15.0,16.0,6.0
511-516_with_tiers.xlsx,Кв514,15,7Л1С2Б,Л,19.0,24.0,6.0
511-516_with_tiers.xlsx,Кв514,15,7Л1С2Б,С,17.0,20.0,6.0
511-516_with_tiers.xlsx,Кв514,15,7Л1С2Б,Б,15.0,16.0,6.0
511-516_with_tiers.xlsx,Кв514,16,8Б2Л,Б,3.0,4.0,9.0
511-516_with_tiers.xlsx,Кв514,17,8Л2Б+С+Е,Л,19.0,24.0,6.0
511-516_with_tiers.xlsx,Кв514,17,8Л2Б+С+Е,Б,14.0,16.0,7.0
511-516_with_tiers.xlsx,Кв514,18,8Б2Л,Б,3.0,4.0,9.0
511-516_with_tiers.xlsx,Кв514,19,6Л4Б+С+Е,Л,19.0,24.0,6.0
511-516_with_tiers.xlsx,Кв514,19,6Л4Б+С+Е,Б,15.0,16.0,6.0
511-516_with_tiers.xlsx,Кв514,20,7Л1С2Б,Л,19.0,24.0,6.0
511-516_with_tiers.xlsx,Кв514,20,7Л1С2Б,С,17.0,20.0,6.0
511-516_with_tiers.xlsx,Кв514,20,7Л1С2Б,Б,15.0,16.0,6.0
511-516_with_tiers.xlsx,Кв514,21,9Л1Б+Е,Л,19.0,24.0,6.0
511-516_with_tiers.xlsx,Кв514,21,9Л1Б+Е,Б,15.0,16.0,6.0
511-516_with_tiers.xlsx,Кв514,22,4Л3Е3Б,Л,19.0,28.0,7.0
511-516_with_tiers.xlsx,Кв514,22,4Л3Е3Б,Е,16.0,20.0,5.0
511-516_with_tiers.xlsx,Кв514,22,4Л3Е3Б,Б,14.0,16.0,7.0
511-516_with_tiers.xlsx,Кв514,23,8Б2Л,Б,3.0,4.0,9.0
511-516_with_tiers.xlsx,Кв514,24,8Б2Л,Б,3.0,4.0,9.0
511-516_with_tiers.xlsx,Кв514,25,7Л1С2Б+Е,Л,19.0,24.0,6.0
511-516_with_tiers.xlsx,Кв514,25,7Л1С2Б+Е,С,17.0,20.0,6.0
511-516_with_tiers.xlsx,Кв514,25,7Л1С2Б+Е,Б,15.0,16.0,6.0
511-516_with_tiers.xlsx,Кв514,26,5Л3С2Б,Л,19.0,24.0,6.0
511-516_with_tiers.xlsx,Кв514,26,5Л3С2Б,С,17.0,20.0,6.0
511-516_with_tiers.xlsx,Кв514,26,5Л3С2Б,Б,15.0,16.0,6.0
511-516_with_tiers.xlsx,Кв514,27,5Л3С2Б,Л,19.0,24.0,6.0
511-516_with_tiers.xlsx,Кв514,27,5Л3С2Б,С,17.0,20.0,6.0
511-516_with_tiers.xlsx,Кв514,27,5Л3С2Б,Б,15.0,16.0,6.0
511-516_with_tiers.xlsx,Кв514,28,8Л1С1Б+Е,Л,19.0,24.0,6.0
511-516_with_tiers.xlsx,Кв514,28,8Л1С1Б+Е,С,17.0,20.0,6.0
511-516_with_tiers.xlsx,Кв514,28,8Л1С1Б+Е,Б,14.0,16.0,7.0
511-516_with_tiers.xlsx,Кв515,1,8Б2Л,Л,3.0,4.0,10.0
511-516_with_tiers.xlsx,Кв515,2,7Л3Б+Е+С,Л,19.0,24.0,6.0
511-516_with_tiers.xlsx,Кв515,2,7Л3Б+Е+С,Б,15.0,16.0,6.0
511-516_with_tiers.xlsx,Кв515,3,6Л4Б+Е,Л,17.0,20.0,7.0
511-516_with_tiers.xlsx,Кв515,3,6Л4Б+Е,Б,14.0,16.0,7.0
511-516_with_tiers.xlsx,Кв515,4,7Л1Е1С1Б,Л,19.0,22.0,6.0
511-516_with_tiers.xlsx,Кв515,4,7Л1Е1С1Б,Е,16.0,18.0,4.0
511-516_with_tiers.xlsx,Кв515,4,7Л1Е1С1Б,С,17.0,20.0,6.0
511-516_with_tiers.xlsx,Кв515,4,7Л1Е1С1Б,Б,15.0,16.0,6.0
511-516_with_tiers.xlsx,Кв515,5,6Л4Б+Е,Л,17.0,20.0,7.0
511-516_with_tiers.xlsx,Кв515,5,6Л4Б+Е,Б,14.0,16.0,7.0
511-516_with_tiers.xlsx,Кв515,6,8Б2Л,Б,3.0,4.0,9.0
511-516_with_tiers.xlsx,Кв515,7,9Л1Б+Е+С,Л,19.0,24.0,6.0
511-516_with_tiers.xlsx,Кв515,7,9Л1Б+Е+С,Б,15.0,16.0,6.0
511-516_with_tiers.xlsx,Кв515,8,6Л3С1Б,Л,19.0,22.0,6.0
511-516_with_tiers.xlsx,Кв515,8,6Л3С1Б,С,18.0,20.0,6.0
511-516_with_tiers.xlsx,Кв515,8,6Л3С1Б,Б,15.0,14.0,5.0
511-516_with_tiers.xlsx,Кв515,9,6Л2С1Е1Б,Л,19.0,22.0,6.0
511-516_with_tiers.xlsx,Кв515,9,6Л2С1Е1Б,С,18.0,20.0,6.0
511-516_with_tiers.xlsx,Кв515,9,6Л2С1Е1Б,Е,18.0,20.0,4.0
511-516_with_tiers.xlsx,Кв515,9,6Л2С1Е1Б,Б,15.0,16.0,6.0
511-516_with_tiers.xlsx,Кв515,10,4Л3Е3Б+К,Л,20.0,26.0,6.0
511-516_with_tiers.xlsx,Кв515,10,4Л3Е3Б+К,Е,18.0,20.0,4.0
511-516_with_tiers.xlsx,Кв515,10,4Л3Е3Б+К,Б,15.0,16.0,6.0
511-516_with_tiers.xlsx,Кв515,11,6Л2С1Е1Б,Л,19.0,22.0,6.0
511-516_with_tiers.xlsx,Кв515,11,6Л2С1Е1Б,С,18.0,20.0,6.0
511-516_with_tiers.xlsx,Кв515,11,6Л2С1Е1Б,Е,18.0,20.0,4.0
511-516_with_tiers.xlsx,Кв515,11,6Л2С1Е1Б,Б,15.0,16.0,6.0
511-516_with_tiers.xlsx,Кв515,13,7Л1СЕ1Б,Л,19.0,22.0,6.0
511-516_with_tiers.xlsx,Кв515,13,7Л1СЕ1Б,С,18.0,20.0,6.0
511-516_with_tiers.xlsx,Кв515,13,7Л1СЕ1Б,Е,17.0,20.0,4.0
511-516_with_tiers.xlsx,Кв515,13,7Л1СЕ1Б,Б,15.0,16.0,6.0
511-516_with_tiers.xlsx,Кв516,1,10Л,Л,13.0,18.0,9.0
511-516_with_tiers.xlsx,Кв516,2,8Л1С1Б,Л,19.0,22.0,6.0
511-516_with_tiers.xlsx,Кв516,2,8Л1С1Б,С,16.0,22.0,7.0
511-516_with_tiers.xlsx,Кв516,2,8Л1С1Б,Б,15.0,16.0,6.0
511-516_with_tiers.xlsx,Кв516,3,10Л,Л,19.0,22.0,6.0
511-516_with_tiers.xlsx,Кв516,4,10Л,Л,19.0,22.0,6.0
511-516_with_tiers.xlsx,Кв516,5,10Л,Л,19.0,22.0,6.0
511-516_with_tiers.xlsx,Кв516,6,10Л,Л,19.0,22.0,6.0
511-516_with_tiers.xlsx,Кв516,7,10Л,Л,19.0,22.0,6.0
511-516_with_tiers.xlsx,Кв516,8,10Л,Л,19.0,22.0,6.0
511-516_with_tiers.xlsx,Кв516,9,10Л,Л,19.0,22.0,6.0
511-516_with_tiers.xlsx,Кв516,10,10Л+Б,Л,21.0,26.0,6.0
511-516_with_tiers.xlsx,Кв516,10,10Л+Б,Б,,,
511-516_with_tiers.xlsx,Кв516,11,8Б2Л,Л,3.0,2.0,10.0
511-516_with_tiers.xlsx,Кв516,12,10Л,Л,18.0,20.0,6.0
511-516_with_tiers.xlsx,Кв516,13,6Л2С2Б,Л,19.0,22.0,6.0
511-516_with_tiers.xlsx,Кв516,13,6Л2С2Б,С,17.0,20.0,6.0
511-516_with_tiers.xlsx,Кв516,13,6Л2С2Б,Б,17.0,20.0,6.0
511-516_with_tiers.xlsx,Кв516,14,7Л2С1Б,Л,19.0,22.0,6.0
511-516_with_tiers.xlsx,Кв516,14,7Л2С1Б,С,17.0,22.0,7.0
511-516_with_tiers.xlsx,Кв516,14,7Л2С1Б,Б,16.0,18.0,6.0
511-516_with_tiers.xlsx,Кв516,15,6Л4С,Л,19.0,22.0,6.0
511-516_with_tiers.xlsx,Кв516,15,6Л4С,С,17.0,20.0,6.0
57-60_with_tiers.xlsx,кв57,1,4Л3С1К1Е1Б,Л,21.0,22.0,5.0
57-60_with_tiers.xlsx,кв57,1,4Л3С1К1Е1Б,С,16.0,16.0,6.0
57-60_with_tiers.xlsx,кв57,1,4Л3С1К1Е1Б,К,18.0,20.0,5.0
57-60_with_tiers.xlsx,кв57,1,4Л3С1К1Е1Б,Е,15.0,14.0,2.0
57-60_with_tiers.xlsx,кв57,1,4Л3С1К1Е1Б,Б,15.0,14.0,5.0
57-60_with_tiers.xlsx,кв57,2,4С3Л1К2С,С,14.0,14.0,7.0
57-60_with_tiers.xlsx,кв57,2,4С3Л1К2С,Л,16.0,14.0,6.0
57-60_with_tiers.xlsx,кв57,2,4С3Л1К2С,К,14.0,14.0,5.0
57-60_with_tiers.xlsx,кв57,2,4С3Л1К2С,С,9.0,10.0,9.0
57-60_with_tiers.xlsx,кв57,4,4С3Л3С,С,14.0,14.0,7.0
57-60_with_tiers.xlsx,кв57,4,4С3Л3С,Л,16.0,14.0,6.0
57-60_with_tiers.xlsx,кв57,4,4С3Л3С,С,10.0,10.0,8.0
57-60_with_tiers.xlsx,кв57,5,6Л2Е2Б,Л,20.0,20.0,5.0
57-60_with_tiers.xlsx,кв57,5,6Л2Е2Б,Е,17.0,16.0,2.0
57-60_with_tiers.xlsx,кв57,5,6Л2Е2Б,Б,16.0,16.0,5.0
57-60_with_tiers.xlsx,кв57,6,8Л2Е,Л,15.0,14.0,6.0
57-60_with_tiers.xlsx,кв57,6,8Л2Е,Е,12.0,12.0,3.0
57-60_with_tiers.xlsx,кв57,7,4С3Л3С,С,13.0,14.0,7.0
57-60_with_tiers.xlsx,кв57,7,4С3Л3С,Л,15.0,14.0,6.0
57-60_with_tiers.xlsx,кв57,7,4С3Л3С,С,10.0,10.0,8.0
57-60_with_tiers.xlsx,кв57,8,3С3Л4С,С,13.0,14.0,7.0
57-60_with_tiers.xlsx,кв57,8,3С3Л4С,Л,15.0,14.0,6.0
57-60_with_tiers.xlsx,кв57,8,3С3Л4С,С,8.0,8.0,9.0
57-60_with_tiers.xlsx,кв57,9,4С3Л1К2С,С,14.0,14.0,7.0
57-60_with_tiers.xlsx,кв57,9,4С3Л1К2С,Л,16.0,14.0,6.0
57-60_with_tiers.xlsx,кв57,9,4С3Л1К2С,К,14.0,14.0,5.0
57-60_with_tiers.xlsx,кв57,9,4С3Л1К2С,С,10.0,10.0,8.0
57-60_with_tiers.xlsx,кв57,10,3С2Л2Е1Б2С,С,14.0,14.0,7.0
57-60_with_tiers.xlsx,кв57,10,3С2Л2Е1Б2С,Л,16.0,14.0,6.0
57-60_with_tiers.xlsx,кв57,10,3С2Л2Е1Б2С,Е,12.0,12.0,3.0
57-60_with_tiers.xlsx,кв57,10,3С2Л2Е1Б2С,Б,13.0,12.0,6.0
57-60_with_tiers.xlsx,кв57,10,3С2Л2Е1Б2С,С,10.0,10.0,8.0
57-60_with_tiers.xlsx,кв57,11,6Л1С1Е2Б,Л,15.0,14.0,6.0
57-60_with_tiers.xlsx,кв57,11,6Л1С1Е2Б,С,15.0,16.0,7.0
57-60_with_tiers.xlsx,кв57,11,6Л1С1Е2Б,Е,12.0,12.0,3.0
57-60_with_tiers.xlsx,кв57,11,6Л1С1Е2Б,Б,14.0,12.0,5.0
57-60_with_tiers.xlsx,кв57,12,5С4Л1С,С,15.0,16.0,7.0
57-60_with_tiers.xlsx,кв57,12,5С4Л1С,Л,16.0,14.0,6.0
57-60_with_tiers.xlsx,кв57,12,5С4Л1С,С,10.0,10.0,8.0
57-60_with_tiers.xlsx,кв57,13,5Л2С1Е2Б,Л,15.0,14.0,6.0
57-60_with_tiers.xlsx,кв57,13,5Л2С1Е2Б,С,15.0,16.0,7.0
57-60_with_tiers.xlsx,кв57,13,5Л2С1Е2Б,Е,13.0,12.0,2.0
57-60_with_tiers.xlsx,кв57,13,5Л2С1Е2Б,Б,14.0,12.0,5.0
57-60_with_tiers.xlsx,кв57,14,5Л2С2Е1Б,Л,16.0,14.0,6.0
57-60_with_tiers.xlsx,кв57,14,5Л2С2Е1Б,С,14.0,14.0,7.0
57-60_with_tiers.xlsx,кв57,14,5Л2С2Е1Б,Е,10.0,10.0,4.0
57-60_with_tiers.xlsx,кв57,14,5Л2С2Е1Б,Б,10.0,10.0,8.0
57-60_with_tiers.xlsx,кв58,1,4С2Л1К1ОС2С+Б,С,14.0,16.0,7.0
57-60_with_tiers.xlsx,кв58,1,4С2Л1К1ОС2С+Б,Л,15.0,14.0,6.0
57-60_with_tiers.xlsx,кв58,1,4С2Л1К1ОС2С+Б,К,15.0,14.0,5.0
57-60_with_tiers.xlsx,кв58,1,4С2Л1К1ОС2С+Б,ОС,15.0,14.0,
57-60_with_tiers.xlsx,кв58,1,4С2Л1К1ОС2С+Б,С,10.0,10.0,8.0
57-60_with_tiers.xlsx,кв58,3,5С3Л2С,С,14.0,14.0,7.0
57-60_with_tiers.xlsx,кв58,3,5С3Л2С,Л,15.0,14.0,6.0
57-60_with_tiers.xlsx,кв58,3,5С3Л2С,С,10.0,10.0,8.0
57-60_with_tiers.xlsx,кв58,4,6Л2Е2Б,Л,17.0,16.0,6.0
57-60_with_tiers.xlsx,кв58,4,6Л2Е2Б,Е,14.0,14.0,3.0
57-60_with_tiers.xlsx,кв58,4,6Л2Е2Б,Б,14.0,19.0,7.0
57-60_with_tiers.xlsx,кв58,5,4Е3Л1К2Б+ОС,Е,15.0,14.0,2.0
57-60_with_tiers.xlsx,кв58,5,4Е3Л1К2Б+ОС,Л,16.0,19.0,7.0
57-60_with_tiers.xlsx,кв58,5,4Е3Л1К2Б+ОС,К,14.0,19.0,7.0
57-60_with_tiers.xlsx,кв58,5,4Е3Л1К2Б+ОС,Б,13.0,12.0,6.0
57-60_with_tiers.xlsx,кв58,6,10Л,Л,15.0,14.0,6.0
57-60_with_tiers.xlsx,кв58,7,7С1Л2С,С,14.0,14.0,7.0
57-60_with_tiers.xlsx,кв58,7,7С1Л2С,Л,15.0,14.0,6.0
57-60_with_tiers.xlsx,кв58,7,7С1Л2С,С,10.0,10.0,8.0
57-60_with_tiers.xlsx,кв58,9,6Л4С,Л,16.0,14.0,6.0
57-60_with_tiers.xlsx,кв58,9,6Л4С,С,14.0,14.0,7.0
57-60_with_tiers.xlsx,кв58,10,6С4Л,С,14.0,14.0,7.0
57-60_with_tiers.xlsx,кв58,10,6С4Л,Л,15.0,14.0,6.0
57-60_with_tiers.xlsx,кв58,11,10ЕРН,ЕРН,2.0,,
57-60_with_tiers.xlsx,кв58,12,4Л2С2Е1К1Б,Л,16.0,14.0,6.0
57-60_with_tiers.xlsx,кв58,12,4Л2С2Е1К1Б,С,15.0,14.0,6.0
57-60_with_tiers.xlsx,кв58,12,4Л2С2Е1К1Б,Е,14.0,14.0,3.0
57-60_with_tiers.xlsx,кв58,12,4Л2С2Е1К1Б,К,16.0,16.0,5.0
57-60_with_tiers.xlsx,кв58,12,4Л2С2Е1К1Б,Б,13.0,12.0,6.0
57-60_with_tiers.xlsx,кв58,13,6С3Л1С,С,14.0,14.0,7.0
57-60_with_tiers.xlsx,кв58,13,6С3Л1С,Л,15.0,14.0,6.0
57-60_with_tiers.xlsx,кв58,13,6С3Л1С,С,10.0,10.0,8.0
57-60_with_tiers.xlsx,кв58,14,5С2Л1Е2С,С,14.0,14.0,7.0
57-60_with_tiers.xlsx,кв58,14,5С2Л1Е2С,Л,16.0,14.0,6.0
57-60_with_tiers.xlsx,кв58,14,5С2Л1Е2С,Е,12.0,12.0,3.0
57-60_with_tiers.xlsx,кв58,14,5С2Л1Е2С,С,10.0,10.0,8.0
57-60_with_tiers.xlsx,кв58,15,6Л1С1Е2Б,Л,15.0,14.0,6.0
57-60_with_tiers.xlsx,кв58,15,6Л1С1Е2Б,С,15.0,16.0,7.0
57-60_with_tiers.xlsx,кв58,15,6Л1С1Е2Б,Е,12.0,12.0,3.0
57-60_with_tiers.xlsx,кв58,15,6Л1С1Е2Б,Б,14.0,14.0,6.0
57-60_with_tiers.xlsx,кв58,16,5С4Л1С,С,15.0,16.0,7.0
57-60_with_tiers.xlsx,кв58,16,5С4Л1С,Л,16.0,14.0,6.0
57-60_with_tiers.xlsx,кв58,16,5С4Л1С,С,10.0,10.0,8.0
57-60_with_tiers.xlsx,кв58,17,8Л1Е1Б,Л,16.0,16.0,6.0
57-60_with_tiers.xlsx,кв58,17,8Л1Е1Б,Е,14.0,14.0,3.0
57-60_with_tiers.xlsx,кв58,17,8Л1Е1Б,Б,12.0,12.0,7.0
57-60_with_tiers.xlsx,кв58,18,5Л1С2Е2Б,Л,15.0,14.0,6.0
57-60_with_tiers.xlsx,кв58,18,5Л1С2Е2Б,С,15.0,16.0,7.0
57-60_with_tiers.xlsx,кв58,18,5Л1С2Е2Б,Е,13.0,12.0,2.0
57-60_with_tiers.xlsx,кв58,18,5Л1С2Е2Б,Б,14.0,12.0,5.0
57-60_with_tiers.xlsx,кв58,19,4Л3С2К1Е,Л,19.0,18.0,5.0
57-60_with_tiers.xlsx,кв58,19,4Л3С2К1Е,С,17.0,16.0,5.0
57-60_with_tiers.xlsx,кв58,19,4Л3С2К1Е,К,18.0,24.0,6.0
57-60_with_tiers.xlsx,кв58,19,4Л3С2К1Е,Е,12.0,12.0,3.0
57-60_with_tiers.xlsx,кв58,20,2Л2С6Б,Л,6.0,6.0,10.0
57-60_with_tiers.xlsx,кв58,21,7Л1Е2Б,Л,14.0,12.0,6.0
57-60_with_tiers.xlsx,кв58,21,7Л1Е2Б,Е,10.0,10.0,4.0
57-60_with_tiers.xlsx,кв58,21,7Л1Е2Б,Б,7.0,6.0,9.0
57-60_with_tiers.xlsx,кв58,22,6С4Л,С,19.0,18.0,5.0
57-60_with_tiers.xlsx,кв58,22,6С4Л,Л,19.0,18.0,5.0
57-60_with_tiers.xlsx,кв59,1,7С3Л,С,14.0,14.0,7.0
57-60_with_tiers.xlsx,кв59,1,7С3Л,Л,15.0,14.0,6.0
57-60_with_tiers.xlsx,кв59,2,5Л3С1Е1Б,Л,17.0,16.0,6.0
57-60_with_tiers.xlsx,кв59,2,5Л3С1Е1Б,С,15.0,14.0,6.0
57-60_with_tiers.xlsx,кв59,2,5Л3С1Е1Б,Е,13.0,12.0,2.0
57-60_with_tiers.xlsx,кв59,2,5Л3С1Е1Б,Б,12.0,12.0,7.0
57-60_with_tiers.xlsx,кв59,3,6Л3С1Б,Л,13.0,12.0,7.0
57-60_with_tiers.xlsx,кв59,4,8Л1С1Б,Л,19.0,16.0,4.0
57-60_with_tiers.xlsx,кв59,4,8Л1С1Б,С,15.0,16.0,7.0
57-60_with_tiers.xlsx,кв59,4,8Л1С1Б,Б,13.0,12.0,6.0
57-60_with_tiers.xlsx,кв59,5,10ЕРН,ЕРН,2.0,,
57-60_with_tiers.xlsx,кв59,6,6Л1С1Е2Б,Л,16.0,14.0,6.0
57-60_with_tiers.xlsx,кв59,6,6Л1С1Е2Б,С,14.0,14.0,7.0
57-60_with_tiers.xlsx,кв59,6,6Л1С1Е2Б,Е,12.0,12.0,3.0
57-60_with_tiers.xlsx,кв59,6,6Л1С1Е2Б,Б,12.0,12.0,7.0
57-60_with_tiers.xlsx,кв59,7,6Л4С,Л,18.0,18.0,6.0
57-60_with_tiers.xlsx,кв59,7,6Л4С,С,17.0,18.0,6.0
57-60_with_tiers.xlsx,кв59,7,3С3Л4Б,С,3.0,2.0,9.0
57-60_with_tiers.xlsx,кв59,7,3С3Л4Б,Л,3.0,2.0,10.0
57-60_with_tiers.xlsx,кв59,7,3С3Л4Б,Б,3.0,2.0,9.0
57-60_with_tiers.xlsx,кв59,8,5Л2С1К2Б,Л,5.0,4.0,10.0
57-60_with_tiers.xlsx,кв59,9,8Л1К1Е,Л,16.0,14.0,6.0
57-60_with_tiers.xlsx,кв59,9,8Л1К1Е,К,15.0,16.0,5.0
57-60_with_tiers.xlsx,кв59,9,8Л1К1Е,Е,13.0,12.0,2.0
57-60_with_tiers.xlsx,кв59,10,5Л3С2Б,Л,7.0,6.0,10.0
57-60_with_tiers.xlsx,кв59,11,5Л3С2Е,Л,16.0,14.0,6.0
57-60_with_tiers.xlsx,кв59,11,5Л3С2Е,С,15.0,14.0,6.0
57-60_with_tiers.xlsx,кв59,11,5Л3С2Е,Е,12.0,12.0,3.0
57-60_with_tiers.xlsx,кв59,12,6Л4С,Л,13.0,14.0,8.0
57-60_with_tiers.xlsx,кв59,12,6Л4С,С,14.0,14.0,7.0
57-60_with_tiers.xlsx,кв59,13,5С3Л2Б,С,5.0,4.0,9.0
57-60_with_tiers.xlsx,кв59,14,6С4Л,С,14.0,14.0,7.0
57-60_with_tiers.xlsx,кв59,14,6С4Л,Л,15.0,14.0,6.0
57-60_with_tiers.xlsx,кв59,14,4С3Л3Б,С,5.0,4.0,9.0
57-60_with_tiers.xlsx,кв59,14,4С3Л3Б,Л,5.0,4.0,10.0
57-60_with_tiers.xlsx,кв59,14,4С3Л3Б,Б,6.0,4.0,9.0
57-60_with_tiers.xlsx,кв59,15,4Л3С2ОС1Б,Л,16.0,14.0,6.0
57-60_with_tiers.xlsx,кв59,15,4Л3С2ОС1Б,С,14.0,14.0,7.0
57-60_with_tiers.xlsx,кв59,15,4Л3С2ОС1Б,ОС,12.0,12.0,
57-60_with_tiers.xlsx,кв59,15,4Л3С2ОС1Б,Б,12.0,12.0,7.0
57-60_with_tiers.xlsx,кв59,15,6ОС4Б,ОС,4.0,4.0,
57-60_with_tiers.xlsx,кв59,15,6ОС4Б,Б,4.0,4.0,9.0
57-60_with_tiers.xlsx,кв59,16,6С4Л,С,16.0,16.0,6.0
57-60_with_tiers.xlsx,кв59,16,6С4Л,Л,16.0,14.0,6.0
57-60_with_tiers.xlsx,кв59,16,4Л3С3Б,Л,7.0,6.0,10.0
57-60_with_tiers.xlsx,кв59,16,4Л3С3Б,С,7.0,6.0,9.0
57-60_with_tiers.xlsx,кв59,16,4Л3С3Б,Б,8.0,6.0,8.0
57-60_with_tiers.xlsx,кв59,17,6С4Л,С,16.0,16.0,6.0
57-60_with_tiers.xlsx,кв59,17,6С4Л,Л,17.0,16.0,6.0
57-60_with_tiers.xlsx,кв59,19,7С3Л,С,16.0,16.0,6.0
57-60_with_tiers.xlsx,кв59,19,7С3Л,Л,17.0,16.0,6.0
57-60_with_tiers.xlsx,кв59,19,4Б2С4ОС,Б,7.0,6.0,9.0
57-60_with_tiers.xlsx,кв59,19,4Б2С4ОС,С,7.0,6.0,9.0
57-60_with_tiers.xlsx,кв59,19,4Б2С4ОС,ОС,7.0,6.0,
57-60_with_tiers.xlsx,кв59,20,4Л3С2Е1Б,Л,5.0,4.0,10.0
57-60_with_tiers.xlsx,кв59,21,7С3Л,С,17.0,18.0,6.0
57-60_with_tiers.xlsx,кв59,21,7С3Л,Л,19.0,18.0,5.0
57-60_with_tiers.xlsx,кв59,22,4С2Л4Б,С,7.0,6.0,9.0
57-60_with_tiers.xlsx,кв59,24,6Л4С,Л,16.0,14.0,6.0
57-60_with_tiers.xlsx,кв59,24,6Л4С,С,15.0,14.0,6.0
57-60_with_tiers.xlsx,кв60,1,10Л,Л,14.0,14.0,7.0
57-60_with_tiers.xlsx,кв60,2,6Л4С,Л,19.0,18.0,5.0
57-60_with_tiers.xlsx,кв60,2,6Л4С,С,17.0,18.0,6.0
57-60_with_tiers.xlsx,кв60,2,3С3Л1К1Е2Б,С,6.0,6.0,9.0
57-60_with_tiers.xlsx,кв60,2,3С3Л1К1Е2Б,Л,6.0,6.0,10.0
57-60_with_tiers.xlsx,кв60,2,3С3Л1К1Е2Б,К,6.0,6.0,8.0
57-60_with_tiers.xlsx,кв60,2,3С3Л1К1Е2Б,Е,6.0,6.0,7.0
57-60_with_tiers.xlsx,кв60,2,3С3Л1К1Е2Б,Б,6.0,6.0,9.0
57-60_with_tiers.xlsx,кв60,3,9Л1Е,Л,17.0,16.0,6.0
57-60_with_tiers.xlsx,кв60,4,6Л2Е2Б,Л,13.0,12.0,7.0
57-60_with_tiers.xlsx,кв60,4,6Л2Е2Б,Е,11.0,10.0,3.0
57-60_with_tiers.xlsx,кв60,4,6Л2Е2Б,Б,10.0,10.0,8.0
57-60_with_tiers.xlsx,кв60,5,6С4Л,С,18.0,20.0,6.0
57-60_with_tiers.xlsx,кв60,5,6С4Л,Л,19.0,18.0,5.0
57-60_with_tiers.xlsx,кв60,5,6С3Л1Б,С,11.0,12.0,8.0
57-60_with_tiers.xlsx,кв60,5,6С3Л1Б,Л,12.0,12.0,8.0
57-60_with_tiers.xlsx,кв60,5,6С3Л1Б,Б,9.0,8.0,7.0
57-60_with_tiers.xlsx,кв60,6,4С2Л4Б,С,3.0,2.0,9.0
57-60_with_tiers.xlsx,кв60,7,5Л3С2Б,Л,7.0,6.0,10.0
57-60_with_tiers.xlsx,кв60,8,4С4Л1Б1ОС,С,15.0,14.0,6.0
57-60_with_tiers.xlsx,кв60,8,4С4Л1Б1ОС,Л,16.0,14.0,6.0
57-60_with_tiers.xlsx,кв60,8,4С4Л1Б1ОС,Б,8.0,8.0,8.0
57-60_with_tiers.xlsx,кв60,8,4С4Л1Б1ОС,ОС,8.0,8.0,
57-60_with_tiers.xlsx,кв60,9,5Л4С1Б,Л,17.0,16.0,6.0
57-60_with_tiers.xlsx,кв60,9,5Л4С1Б,С,15.0,16.0,7.0
57-60_with_tiers.xlsx,кв60,9,5Л4С1Б,Б,9.0,8.0,7.0
57-60_with_tiers.xlsx,кв60,10,6Л2С2Б,Л,17.0,16.0,6.0
57-60_with_tiers.xlsx,кв60,10,6Л2С2Б,С,16.0,16.0,6.0
57-60_with_tiers.xlsx,кв60,10,6Л2С2Б,Б,10.0,10.0,8.0
57-60_with_tiers.xlsx,кв60,11,6С4Л,С,15.0,14.0,6.0
57-60_with_tiers.xlsx,кв60,11,6С4Л,Л,16.0,14.0,6.0
57-60_with_tiers.xlsx,кв60,11,3С3Л4Б,С,4.0,4.0,9.0
57-60_with_tiers.xlsx,кв60,11,3С3Л4Б,Л,4.0,4.0,10.0
57-60_with_tiers.xlsx,кв60,11,3С3Л4Б,Б,4.0,4.0,9.0
93-94_with_tiers.xlsx,кв93,1,6С4Л,С,16.0,1.0,2.0
93-94_with_tiers.xlsx,кв93,1,6С4Л,Л,17.0,16.0,6.0
93-94_with_tiers.xlsx,кв93,2,6Л3С1Б,Л,16.0,14.0,6.0
93-94_with_tiers.xlsx,кв93,2,6Л3С1Б,С,15.0,14.0,6.0
93-94_with_tiers.xlsx,кв93,2,6Л3С1Б,Б,10.0,10.0,8.0
93-94_with_tiers.xlsx,кв93,4,8Б2Л,Б,10.0,10.0,8.0
93-94_with_tiers.xlsx,кв93,5,10ЕРН,ЕРН,2.0,,
93-94_with_tiers.xlsx,кв93,6,7С3Л,С,15.0,16.0,7.0
93-94_with_tiers.xlsx,кв93,6,7С3Л,Л,16.0,14.0,6.0
93-94_with_tiers.xlsx,кв93,7,8Л2Е,Л,12.0,12.0,8.0
93-94_with_tiers.xlsx,кв93,7,8Л2Е,Е,10.0,10.0,4.0
93-94_with_tiers.xlsx,кв93,8,6Л4С,Л,10.0,10.0,9.0
93-94_with_tiers.xlsx,кв93,9,9Л1Е,Л,14.0,14.0,7.0
93-94_with_tiers.xlsx,кв93,10,7Л3Е,Л,12.0,12.0,8.0
93-94_with_tiers.xlsx,кв93,10,7Л3Е,Е,8.0,8.0,4.0
93-94_with_tiers.xlsx,кв93,11,10Л+Е,Л,13.0,12.0,7.0
93-94_with_tiers.xlsx,кв93,12,6Л3Е1С,Л,15.0,14.0,6.0
93-94_with_tiers.xlsx,кв93,12,6Л3Е1С,Е,12.0,12.0,3.0
93-94_with_tiers.xlsx,кв93,12,6Л3Е1С,С,14.0,16.0,7.0
93-94_with_tiers.xlsx,кв93,13,8Л2Е,Л,15.0,14.0,6.0
93-94_with_tiers.xlsx,кв93,13,8Л2Е,Е,13.0,12.0,2.0
93-94_with_tiers.xlsx,кв94,1,7Л2С1Б,Л,19.0,16.0,4.0
93-94_with_tiers.xlsx,кв94,1,7Л2С1Б,С,16.0,16.0,6.0
93-94_with_tiers.xlsx,кв94,1,7Л2С1Б,Б,8.0,8.0,8.0
93-94_with_tiers.xlsx,кв94,2,6Л1С2Е1Б,Л,12.0,12.0,8.0
93-94_with_tiers.xlsx,кв94,2,6Л1С2Е1Б,С,11.0,12.0,8.0
93-94_with_tiers.xlsx,кв94,2,6Л1С2Е1Б,Е,10.0,10.0,4.0
93-94_with_tiers.xlsx,кв94,2,6Л1С2Е1Б,Б,10.0,10.0,8.0
93-94_with_tiers.xlsx,кв94,4,5С2Л1Б2С,С,15.0,14.0,6.0
93-94_with_tiers.xlsx,кв94,4,5С2Л1Б2С,Л,16.0,14.0,6.0
93-94_with_tiers.xlsx,кв94,4,5С2Л1Б2С,Б,10.0,10.0,8.0
93-94_with_tiers.xlsx,кв94,4,5С2Л1Б2С,С,10.0,10.0,8.0
93-94_with_tiers.xlsx,кв94,5,6Л4С,Л,10.0,10.0,9.0
93-94_with_tiers.xlsx,кв94,6,10Л,Л,12.0,12.0,8.0
93-94_with_tiers.xlsx,кв94,7,9Л1Е,Л,17.0,16.0,6.0
93-94_with_tiers.xlsx,кв94,7,9Л1Е,Е,14.0,14.0,3.0
93-94_with_tiers.xlsx,кв94,8,10ЕРН,ЕРН,2.0,,
93-94_with_tiers.xlsx,кв94,9,5С3Л2Е,С,15.0,16.0,7.0
93-94_with_tiers.xlsx,кв94,9,5С3Л2Е,Л,17.0,16.0,6.0
93-94_with_tiers.xlsx,кв94,9,5С3Л2Е,Е,13.0,12.0,2.0
93-94_with_tiers.xlsx,кв94,10,7Л2С1Б,Л,14.0,14.0,7.0
93-94_with_tiers.xlsx,кв94,10,7Л2С1Б,С,13.0,14.0,7.0
93-94_with_tiers.xlsx,кв94,10,7Л2С1Б,Б,12.0,12.0,7.0
93-94_with_tiers.xlsx,кв94,11,6Л3С1Е,Л,16.0,14.0,6.0
93-94_with_tiers.xlsx,кв94,11,6Л3С1Е,С,15.0,14.0,6.0
93-94_with_tiers.xlsx,кв94,11,6Л3С1Е,Е,13.0,12.0,2.0
93-94_with_tiers.xlsx,кв94,12,5Л5Е,Л,13.0,12.0,7.0
93-94_with_tiers.xlsx,кв94,12,5Л5Е,Е,10.0,10.0,4.0
93-94_with_tiers.xlsx,кв94,13,8Л1С1Е,Л,18.0,18.0,6.0
93-94_with_tiers.xlsx,кв94,13,8Л1С1Е,С,16.0,16.0,6.0
93-94_with_tiers.xlsx,кв94,13,8Л1С1Е,Е,14.0,14.0,3.0
93-94_with_tiers.xlsx,кв94,14,6Л4С,Л,17.0,16.0,6.0
93-94_with_tiers.xlsx,кв94,14,6Л4С,С,15.0,16.0,7.0
93-94_with_tiers.xlsx,кв94,15,6Л3С1Е,Л,16.0,14.0,6.0
93-94_with_tiers.xlsx,кв94,15,6Л3С1Е,С,15.0,16.0,7.0
93-94_with_tiers.xlsx,кв94,15,6Л3С1Е,Е,12.0,12.0,3.0
93-94_with_tiers.xlsx,кв94,16,6С1Л3Б,С,5.0,4.0,9.0
